MovieName,Genre,Actors
3 Days to Kill,ActionMcG
6 Ways to Die,Thriller,Nadeem Soumah
8 Women,Comedy,François Ozon
10 Cloverfield Lane,Horror,Dan Trachtenberg
10.5: Apocalypse,Adventure,John Lafia
13 Hours: The Secret Soldiers of Benghazi,Action  WarMichael Bay
15 Minutes,Action,John Herzfeld
21 Grams,Drama,,Alejandro González Iñárritu
21 Jump Street,Action,Chris Miller
22 Jump Street,Crime,Chris Miller
28 Days Later...,Horror  Sci-Fi,Danny Boyle
28 Weeks Later,Horror  Sci-Fi,Juan Carlos Fresnadillo
47 Ronin,Action Carl Rinsch
101 Dalmatians,AnimationWolfgang Reitherman
101 Dalmatians II: Patch's London Adventure,Animation,Brian Smith
400 Days,Mystery  Sci-Fi,Matt Osterman
1408,Horror,Mikael Håfström
1969,Drama,Ernest Thompson
2010,ThrillerPeter Hyams
A Brilliant Young Mind,Drama,,Morgan Matthews
A Bug's Life,Family,Andrew Stanton
A Christmas Carol,Animation,Robert Zemeckis
A Common Man,Action,Chandran Rutnam
A Good Day to Die Hard,Action,John Moore
A Time to Kill,Thriller,Joel Schumacher
Abandoned,Drama,  Adventure,John Laing
About a Boy,Drama,Chris Weitz / Paul Weitz
About Time,ComedyRichard Curtis
Absolon,Action  Sci-Fi,David DeBartolomé
Absolutely Fabulous: The Movie,Comedy,Mandie Fletcher
Absolution,ThrillerKeoni Waxman
Ace Ventura: Pet Detective,ComedyTom Shadyac
Ace Ventura: When Nature Calls,Comedy,Steve Oedekerk
Addams Family Values,ComedyBarry Sonnenfeld
Against the Sun,WarBrian Falk
Air,ThrillerChristian Cantamessa
Airplane vs Volcano,Action,Jon Kondelik
Aladdin,Animation,John Musker
Aladdin and the King of Thieves,Animation Tad Stones
Algorithm,Thriller,Jonathan Schiefer
Alice in Wonderland,Music Hamilton Luske
Alice Through the Looking Glass,AdventureJames Bobin
Alien Nation,CrimeGraham Baker
Allied,Action Robert Zemeckis
Alpha and Omega,Family,Ben Gluck
Ambushed,Action,Giorgio Serafini
American Beach House,Comedy,Straw Weisman
American Heist,Action,Sarik Andreasyan
American Honey,Comedy,Andrea Arnold
American Pie,ComedyChris Weitz
American Pie 2,ComedyJ.B. Rogers
American Pie Presents: Band Camp,Comedy,Steve Rash
American Pie Presents: Beta House,Comedy,Andrew Waller
American Pie Presents: The Book of Love,Comedy,John Putch
American Pie Presents: The Naked Mile,Comedy,Joe Nussbaum
American Psycho,Drama,,Mary Harron
American Sniper,War,Clint Eastwood
American Wedding,ComedyJesse Dylan
Cupid's Balls,Comedy,Kristoffer Metcalfe
An American Crime,Crime,Tommy O'Haver
An American Tail,Drama,Don Bluth
Andron,ActionFrancesco Cinquemani
Angels & Demons,ThrillerRon Howard
The Angry Birds Movie,Action,Clay Kaytis / Fergal Reilly
Angry Video Game Nerd: The Movie,Sci-FiKevin Finn
Annie,ComedyJohn Huston
Another Stakeout,Action,John Badham
Anthropoid,History  War,Sean Ellis
Apocalypse Pompeii,Adventure,Ben Demaree
Apollo 13,Drama,,Ron Howard
Apt Pupil,Drama,,Bryan Singer
Arena,Action  Sci-Fi,Jonah Loop
Argo,Drama,,Ben Affleck
Armageddon,Action  Sci-FiMichael Bay
Arn: The Knight Templar,Action Peter Flinth
Arrival,Drama,Denis Villeneuve
Arthur Christmas,Drama,Sarah Smith / Barry Cook
A.I. Artificial Intelligence,Drama, Steven Spielberg
As Good as It Gets,ComedyJames L. Brooks
Assassination Games,Action,Ernie Barbarash
Assassins Run,Action,
Assault on Precinct 13,Action,John Carpenter
Assault on Wall Street,Drama,  Action,Uwe Boll
Atlas Shrugged Part III: Who is John Galt?,Drama, James Manera
Austin Powers: International Man of Mystery,Sci-Fi,Jay Roach
Austin Powers: The Spy Who Shagged Me,Crime Jay Roach
Authors Anonymous,Comedy,Ellie Kanner
Avatar,Action,James Cameron
Avengers: Age of Ultron,Action,Joss Whedon
Babe,Fantasy,,Chris Noonan
Bachelor Night,Comedy,Maximilian Elfeldt
Back to the Future,AdventureRobert Zemeckis
Back to the Future Part II,AdventureRobert Zemeckis
Back to the Future Part III,AdventureRobert Zemeckis
Backtrack,HorrorMichael Petroni
Bad Influence,Crime,Curtis Hanson
Bad Moms,Comedy,Jon Lucas / Scott Moore
Bad Santa,Drama,,Terry Zwigoff
Badge of Honor,Thriller,Agustin
Bambi,Animation,Norman Wright
Bambi II,Animation,Brian Pimental
Bandits,ActionBarry Levinson
Barbershop: The Next Cut,Comedy,Malcolm D. Lee
Bastille Day,Action,James Watkins
Batman & Robin,Fantasy,Joel Schumacher
Batman,Fantasy,,Tim Burton
Batman: Assault on Arkham,Thriller,Jay Oliva
Batman: Bad Blood,Animation,Jay Oliva
Batman Begins,Action,Christopher Nolan
Batman Forever,Fantasy,,Joel Schumacher
Batman: Gotham Knight,,
Batman: Mystery of the Batwoman,Adventure Curt Geda / Tim Maltby
Batman Returns,Fantasy,Tim Burton
"Batman: The Dark Knight Returns, Part 1",Action,Jay Oliva
"Batman: The Dark Knight Returns, Part 2",Animation,Jay Oliva
Batman: The Killing Joke,Action,Sam Liu
Batman: Under the Red Hood,Adventure Brandon Vietti
Batman v Superman: Dawn of Justice,Action Zack Snyder
Battle of the Year,Music,Benson Lee
Beetlejuice,Fantasy,,Tim Burton
Before the Fall,Drama,,Dennis Gansel
Before We Go,Drama,Chris Evans
Belly of the Beast,Action,Ching Siu-Tung
Best of the Best 4: Without Warning,Action  Adventure,Phillip Rhee
Beyond the Mask,Drama,,Chad Burns
Big Hero 6,Adventure,Chris Williams
Billy Lynn's Long Halftime Walk,Drama,Ang Lee
Black Death,Drama, Mystery,Christopher Smith
Black Moon Rising,Sci-Fi,Harley Cokeliss
Blackhat,Mystery  Drama,,Michael Mann
Blank Check,Comedy,Rupert Wainwright
Blast,Action,Albert Pyun
Blindness,Drama, Fernando Meirelles
Bloodsport,Action,Newt Arnold
Blown Away,Action,Stephen Hopkins
Boiler Room,Crime,Ben Younger
Bolt,AnimationByron Howard
Bound,Thriller,Jared Cohn
Brave,Animation Brenda Chapman
Braveheart,Action Mel Gibson
Brewster's Millions,Comedy,Walter Hill
Brick Mansions,Action,Camille Delamarre
Bridge of Spies,ThrillerSteven Spielberg
Bridget Jones: The Edge of Reason,ComedyBeeban Kidron
Brothers of War,War,Mike Carter
Bruce Almighty,Fantasy,,Tom Shadyac
Bullet to the Head,Action,Walter Hill
Burlesque,Drama,Steve Antin
Burning Bodhi,Drama,,Matthew McDuffie
Call of Heroes,Action,Benny Chan
Camp X-Ray,Drama,,Peter Sattler
Campus Code,Action Cathy Scorsese / Kenneth M. Waddell
Captain America: Civil War,Action Anthony Russo / Joe Russo
Captain Corelli's Mandolin,Drama, John Madden
Captain Fantastic,AdventureMatt Ross
Captain Phillips,Action,Paul Greengrass
Captive,Thriller,Jerry Jameson
Capture the Flag,ComedyEnrique Gato
Careful What You Wish For,Thriller,Elizabeth Allen Rosenbaum
Carlito's Way,Drama,,Brian De Palma
Carrie,Drama,,Kimberly Peirce
Cars,AnimationJoe Ranft
Cars 2,AnimationBrad Lewis
Casino,Drama,,Martin Scorsese
Catfish,Documentary,Ariel Schulman
Cellular,ActionDavid R. Ellis
Chain of Command,ThrillerKevin Carraway
Chicken Run,Animation,Nick Park
Christmas with the Kranks,Comedy,Joe Roth
Cinderella,Fantasy,Hamilton Luske
Cinderella,RomanceKenneth Branagh
Cinderella II: Dreams Come True,Animation John Kafka
Cinderella III: A Twist in Time,,
Citizenfour,Documentary,Laura Poitras
City Heat,Action,Richard Benjamin
Clear and Present Danger,Action,Phillip Noyce
Closed Circuit,Mystery,John Crowley
Cloudy with a Chance of Meatballs,Animation,Chris Miller
Cloudy with a Chance of Meatballs 2,Animation,Kris Pearn
Cobra,Action,George P. Cosmatos
Cocaine Cowboys,ActionBilly Corben
Cocktail,Drama,Roger Donaldson
Colditz,Drama,Stuart Orme
Colonia,Drama, Florian Gallenberger
Come and Find Me,Drama,,Zack Whedon
Commando,ActionMark L. Lester
Con Air,Action,Simon West
Conspiracy Theory,Action,Richard Donner
Constantine,Drama,Francis Lawrence
Contagion,Drama,  Sci-Fi,Steven Soderbergh
Convict,Action,George Basha
Cop Car,Thriller,Jon Watts
Courage Under Fire,Drama,  MysteryEdward Zwick
Cracks,Drama,,Jordan Scott
Crazy Six,Action,Albert Pyun
Creative Control,Drama,Benjamin Dickinson
Criminal,ActionAriel Vromen
Criminal Activities,Thriller,Jackie Earle Haley
Crimson Peak,Drama,  MysteryGuillermo del Toro
Cross Wars,Action,Patrick Durham
"Crouching Tiger, Hidden Dragon",AdventureAng Lee
Cube²: Hypercube,Thriller Andrzej Sekula
Dante's Peak,ActionRoger Donaldson
Dark Angel,Action  Sci-Fi,Craig R. Baxley
Dawn of the Planet of the Apes,Sci-Fi,Matt Reeves
Daylight,ActionRob Cohen
Deadpool,Action Tim Miller
Dear John,,
Death Becomes Her,Fantasy,,Robert Zemeckis
Death In Love,Drama, Boaz Yakin
Death Sentence,Action,James Wan
Deep Impact,Action,Mimi Leder
Defending Our Kids: The Julie Posey Story,Drama,,Joanna Kerns
Delivery Man,Comedy,Ken Scott
Demolition Man,Action Marco Brambilla
Denial,Drama, Mick Jackson
Dennis the Menace,Family,Nick Castle
Downfall,Drama, Oliver Hirschbiegel
Despicable Me,Animation,Chris Renaud
Despicable Me 2,Animation,Chris Renaud
Die Hard: With a Vengeance,Action,John McTiernan
Die Hard,Action,John McTiernan
Die Hard 2,Action,Renny Harlin
Dinner for Schmucks,Comedy,Jay Roach
Dirty Dancing,Drama, Emile Ardolino
Dirty Grandpa,Adventure,Dan Mazer
Dirty Harry,Action,Don Siegel
The Dead Pool,Action,Buddy Van Horn
Magnum Force,Action,Ted Post
Sudden Impact,Action,Clint Eastwood
The Enforcer,Action,James Fargo
Dirty Pretty Things,Crime,Stephen Frears
District 13: Ultimatum,Action,Patrick Alessandrin
Divergent,Sci-Fi,Neil Burger
Dog Eat Dog,Drama,,Paul Schrader
Don Jon,Comedy,Joseph Gordon-Levitt
Donnie Brasco,Crime,Mike Newell
Don't Say a Word,Thriller,Gary Fleder
Doomsday,Action  Sci-Fi,Neil Marshall
Dope,Drama,,Rick Famuyiwa
Double Identity,Crime,Dennis Dimster
Dracula Untold,Horror Gary Shore
Dragnet,Action,Tom Mankiewicz
Dragon: The Bruce Lee Story,Drama,,Rob Cohen
DragonHeart,Action Rob Cohen
Dragonheart 3: The Sorcerer's Curse,Fantasy,Colin Teague
Dredd,ActionPete Travis
Dumb and Dumber,Comedy,Bobby Farrelly
Dumb and Dumber To,Comedy,Peter Farrelly
Dumb and Dumberer: When Harry Met Lloyd,Comedy,Troy Miller
Dumbo,Animation,Ben Sharpsteen
Dune,Action David Lynch
Dying of the Light,Thriller,Paul Schrader
Eagle Eye,Mystery  Action,D.J. Caruso
Eddie Izzard: Dress to Kill,,
Eddie Murphy: Raw,Comedy,Robert Townsend
Edge of Tomorrow,ActionDoug Liman
Edward Scissorhands,Fantasy,Tim Burton
Elf,RomanceJon Favreau
Emperor,Drama, Peter Webber
Empire State,Action,Dito Montiel
End Game,Action,Andy Cheng
Ender's Game,Sci-FiGavin Hood
Endgame,Drama,,Carmen Marron
Enter the Dragon,Action,Robert Clouse
Entrapment,ThrillerJon Amiel
Epic,Animation Chris Wedge
Equals,Drama, Drake Doremus
Equilibrium,Drama,  Sci-Fi,Kurt Wimmer
Equity,Drama,,Meera Menon
Escape Plan,Action,Mikael Håfström
Evan Almighty,Fantasy,,Tom Shadyac
Exam,ThrillerStuart Hazeldine
Executive Decision,ActionStuart Baird
Exit Wounds,Action,Andrzej Bartkowiak
Exodus: Gods and Kings,Adventure,Ridley Scott
Experimenter,History,Michael Almereyda
Extraction,Action,Steven C. Miller
Eye in the Sky,Drama,  War,Gavin Hood
Face Off,ActionJohn Woo
Fahrenheit 451,Sci-Fi,François Truffaut
Fail Safe,Drama,,Stephen Frears
Fallen,ThrillerGregory Hoblit
Falling Down,Crime,Joel Schumacher
Fantastic Four,Action Josh Trank
Fast & Furious,Action,Justin Lin
Fast Five,Action,Justin Lin
Felony,Mystery,Matthew Saville
Fences,Drama,,Denzel Washington
Fifty Shades of Grey,Romance,Sam Taylor-Johnson
Fighting,Adventure,Dito Montiel
Find Me Guilty,Drama,,Sidney Lumet
Finding Dory,Animation,Andrew Stanton / Angus MacLane
Fist of Fury,Drama,,Lo Wei
Five Corners,Drama,,Tony Bill
Five Thirteen,Drama,,Kader Ayd
Flashbacks of a Fool,Drama,,Baillie Walsh
Flight,Drama,,Robert Zemeckis
Flubber,ComedyLes Mayfield
Focus,Romance,John Requa
Forest Warrior,Action,Aaron Norris
Forgetting Sarah Marshall,ComedyNicholas Stoller
Forrest Gump,ComedyRobert Zemeckis
Four Assassins,Thriller,Stanley J. Orzel
Four Christmases,ComedySeth Gordon
Free to Play,Documentary,
Free Willy,FamilySimon Wincer
Freelancers,Mystery,Jessy Terrero
From Hell,Horror,Allen Hughes
Frozen,AnimationJennifer Lee
Fugitive at 17,TV Movie,Jim Donovan
Fun with Dick and Jane,Action,Dean Parisot
Furious 7,Action James Wan
Fury,War,David Ayer
Gallowwalkers,Action,Andrew Goth
George Carlin: Life Is Worth Losing,Comedy,Rocco Urbisci
Get Carter,ActionStephen T. Kay
Getaway,Action,Courtney Solomon
Ghostbusters,Fantasy,Ivan Reitman
Ghostbusters,ActionPaul Feig
Ghostbusters II,Fantasy,Ivan Reitman
Glengarry Glen Ross,CrimeJames Foley
Gnomeo & Juliet,Animation,Kelly Asbury
Gods of Egypt,Action Alex Proyas
Godzilla,ThrillerGareth Edwards
Going the Distance,ComedyNanette Burstein
Gone Girl,Mystery  Drama,,David Fincher
Gone In Sixty Seconds,Action,Dominic Sena
"Good Luck Charlie, It's Christmas!",Comedy,Arlene Sanford
"Good Morning, Vietnam",ComedyBarry Levinson
Good People,Thriller,Henrik Ruben Genz
Goodbye to All That,ComedyAngus MacLachlan
Goodfellas,Drama,,Martin Scorsese
Gravity,Sci-Fi  Drama,,Alfonso Cuarón
Grease,MusicRandal Kleiser
Green Street Hooligans,Drama,,Lexi Alexander
Grown Ups 2,Comedy,Dennis Dugan
Grudge Match,Comedy,Peter Segal
Grumpy Cat's Worst Christmas Ever,Comedy,Tim Hill
Guardians of the Galaxy,Sci-Fi James Gunn
Gutshot Straight,Thriller,Justin Steele
Hackers,Action  Drama,,Iain Softley
Hacksaw Ridge,Drama, Mel Gibson
Hall Pass,ComedyBobby Farrelly / Peter Farrelly
Hansel & Gretel: Witch Hunters,Fantasy,,Tommy Wirkola
Happy Gilmore,Comedy,Dennis Dugan
Hard Target,ActionJohn Woo
Hard Target 2,Action,Roel Reiné
Harry Potter and the Chamber of Secrets,AdventureChris Columbus
Harry Potter and the Deathly Hallows: Part 2,AdventureDavid Yates
Harry Potter and the Goblet of Fire,AdventureMike Newell
Harry Potter and the Half-Blood Prince,AdventureDavid Yates
Harry Potter and the Order of the Phoenix,Adventure David Yates
Harry Potter and the Philosopher's Stone,AdventureChris Columbus
Hart's War,Drama,Gregory Hoblit
He Got Game,Drama,,Spike Lee
He Never Died,Thriller,Jason Krawczyk
Heat,Action,Michael Mann
Heist,Action,Scott Mann
Henry's Crime,Action,Malcolm Venville
Here Comes the Boom,Action,Frank Coraci
Hero and the Terror,Drama,,William Tannen
Hickey & Boggs,Crime,Robert Culp
Hitler: The Rise of Evil,Drama, Christian Duguay
Hitman,Action,Xavier Gens
Hitman: Agent 47,Action,Aleksander Bach
Hocus Pocus,ComedyKenny Ortega
Hollow Man,ActionPaul Verhoeven
Hollow Man II,Horror  Sci-Fi,Claudio Fäh
Home Alone,Comedy,Chris Columbus
Home Alone 2: Lost In New York,ComedyChris Columbus
Home Alone 3,Comedy,Raja Gosnell
Home Alone 4,Crime,Rod Daniel
Home Alone: The Holiday Heist,Comedy,Peter Hewitt
Hoodlum,Crime,Bill Duke
Hook,AdventureSteven Spielberg
Hop,Animation,Tim Hill
Horrible Bosses 2,Comedy,Sean Anders
Hot Pursuit,Action,Anne Fletcher
Hotel Transylvania,AnimationGenndy Tartakovsky
Hotel Transylvania 2,Comedy,Genndy Tartakovsky
"House of 1,000 Dolls",CrimeJeremy Summers
House of Sand and Fog,Drama,,Vadim Perelman
How the Grinch Stole Christmas,FamilyRon Howard
How to Be Single,ComedyChristian Ditter
How to Train Your Dragon 2,Fantasy,Dean DeBlois
I Am Soldier,Action  War,Ronnie Thompson
I Am Wrath,Action,Chuck Russell
I Don't Know How She Does It,Comedy,Douglas McGrath
I.T.,Crime,John Moore
Ice Age,AnimationCarlos Saldanha
Ice Age: Collision Course,Adventure,Mike Thurmeier / Galen T. Chu
Ice Age: Continental Drift,AnimationMike Thurmeier
Ice Age: Dawn of the Dinosaurs,AnimationCarlos Saldanha
Ice Age: The Meltdown,AnimationCarlos Saldanha
In a Valley of Violence,ThrillerTi West
In the Blood,Action,John Stockwell
In the Heart of the Sea,ActionBiography,Ron Howard
In the Line of Fire,Action Wolfgang Petersen
In Time,Action  Sci-Fi,Andrew Niccol
Independence Day,Action Roland Emmerich
Independence Day: Resurgence,Action Roland Emmerich
Indiana Jones and the Kingdom of the Crystal Skull,Adventure,Steven Spielberg
Indiana Jones and the Last Crusade,Adventure,Steven Spielberg
Raiders of the Lost Ark,Adventure,Steven Spielberg
Indiana Jones and the Temple of Doom,Adventure,Steven Spielberg
Inferno,Action Adventure,Ron Howard
Inside Man,Crime,Spike Lee
Inside Out,Comedy,Ronaldo Del Carmen
Insurgent,Adventure,Robert Schwentke
Interstellar,Drama,Christopher Nolan
Into the Grizzly Maze,Thriller,David Hackl
Into the Storm,Action,Steven Quale
Ip Man 2,ActionWilson Yip
Iron Man 2,AdventureJon Favreau
Ironheart,Crime,Robert Clouse
Jack Frost,ComedyTroy Miller
Jack Reacher: Never Go Back,ActionAdventure,Edward Zwick
Jack Ryan: Shadow Recruit,Action,Kenneth Branagh
Jack the Giant Slayer,Fantasy,,Bryan Singer
James and the Giant Peach,Adventure,Henry Selick
Goldfinger,Adventure,Guy Hamilton
Thunderball,Adventure,Terence Young
You Only Live Twice,Action  Adventure,Lewis Gilbert
A View to a Kill,Adventure,John Glen
Casino Royale,Adventure,Martin Campbell
Diamonds Are Forever,Adventure  Sci-Fi,Guy Hamilton
Die Another Day,Adventure,Lee Tamahori
For Your Eyes Only,Adventure,John Glen
GoldenEye,Adventure,Martin Campbell
Licence to Kill,Adventure,John Glen
Live and Let Die,Adventure,Guy Hamilton
Moonraker,ActionSci-Fi,Lewis Gilbert
Never Say Never Again,Adventure,Irvin Kershner
Octopussy,Adventure,John Glen
On Her Majesty's Secret Service,Adventure,Peter R. Hunt
Quantum of Solace,Adventure,Marc Forster
Skyfall,,
The Living Daylights,ActionJohn Glen
The Man with the Golden Gun,Adventure,Guy Hamilton
The Spy Who Loved Me,Adventure,Lewis Gilbert
The World Is Not Enough,Adventure,Michael Apted
Tomorrow Never Dies,Adventure,Roger Spottiswoode
Jason Bourne,Action,Paul Greengrass
Jeff Dunham: Jeff Dunham's Very Special Christmas Special,Comedy,Michael Simon
Jeff Dunham: Arguing with Myself,Comedy,Manny Rodriguez
Jeff Dunham: Minding the Monsters,Comedy,Manny Rodriguez
Jeff Dunham: Spark of Insanity,Comedy,Michael Simon
Jobs,Drama,Joshua Michael Stern
John Doe: Vigilante,Thriller,Kelly Dolen
Johnny Mnemonic,Action Robert Longo
Judge Dredd,Sci-Fi,Danny Cannon
Judgment at Nuremberg,Drama, Stanley Kramer
Junior,ComedyIvan Reitman
Jurassic Park,AdventureSteven Spielberg
Jurassic Park III,Adventure  Sci-Fi,Joe Johnston
Jurassic World,Action Colin Trevorrow
Just Cause,Action,Arne Glimcher
Just Friends,ComedyRoger Kumble
Ka e Vitsen',,
Killshot,Crime,John Madden
Kindergarten Cop,Action,Ivan Reitman
Kingsman: The Secret Service,CrimeMatthew Vaughn
Krampus,HorrorMichael Dougherty
Kubo and the Two Strings,AdventureTravis Knight
Kung Fu Panda,Animation,Mark Osborne / John Stevenson
Kung Fu Panda 3,ActionJennifer Yuh / Alessandro Carloni
Labyrinth,Family Jim Henson
Lady and the Tramp,Family,Hamilton Luske
Lady and the Tramp II: Scamp's Adventure,Animation,Jeannine Roussel
Lakeview Terrace,Drama,,Neil LaBute
Lap Dance,Drama,,Greg Carter
Lara Croft: Tomb Raider,AdventureSimon West
Lara Croft Tomb Raider: The Cradle of Life,Action Jan de Bont
Larry Gaye: Renegade Male Flight Attendant,Comedy,Sam Friedlander
Last Cab to Darwin,Drama,Jeremy Sims
The Last Kung Fu Monk,Action,Peng Zhang Li
Last Passenger,Action  Mystery,Omid Nooshin
Lazer Team,ActionMatt Hullum
Left Behind,ThrillerVic Armstrong
Legend,Adventure Ridley Scott
Legend,Crime  Biography,Brian Helgeland
LEGO DC Comics Super Heroes: Justice League vs. Bizarro League,AnimationBrandon Vietti
LEGO Super Heroes: Justice League - Attack of the Legion of Doom!,Animation,Rick Morales
Leon: The Professional,Thriller,Luc Besson
Lethal Weapon,Adventure,Richard Donner
Lethal Weapon 2,ActionRichard Donner
Lethal Weapon 3,Adventure,Richard Donner
Lethal Weapon 4,ActionRichard Donner
Letters to Juliet,ComedyGary Winick
Liar Liar,Comedy,Tom Shadyac
Lilo & Stitch,Family,Chris Sanders
Lilo & Stitch 2: Stitch has a Glitch,Animation,Anthony Leondis
Little Fockers,ComedyPaul Weitz
Live by Night,Crime,Ben Affleck
LOL,Drama,Lisa Azuelos
London Has Fallen,Action,Babak Najafi
Looper,Action  Sci-Fi,Rian Johnson
Lord of Illusions,Mystery,Clive Barker
Lucy,ActionLuc Besson
MacGyver: Lost Treasure of Atlantis,ActionMike Vejar
Maggie's Plan,ComedyRebecca Miller
Magic Mike XXL,ComedyGregory Jacobs
Maigret Sets A Trap,Drama,,Ashley Pearce
Maleficent,Fantasy, Robert Stromberg
Malone,Action,Harley Cokeliss
Man of Steel,Action,Zack Snyder
Man Up,Romance,Ben Palmer
Marauders,Action,Steven C. Miller
Margin Call,Thriller,J.C. Chandor
Mars Attacks!,Action Tim Burton
Matilda,ComedyDanny DeVito
Max Payne,Action,John Moore
Maze Runner: The Scorch Trials,ThrillerWes Ball
Me Before You,Drama,Thea Sharrock
"Me, Myself & Irene",,
Mean Guns,ActionAlbert Pyun
Mechanic: Resurrection,Action,Dennis Gansel
Meet the Robinsons,Animation,Stephen J. Anderson
Megamind,AnimationTom McGrath
Megamind: The Button Of Doom,Animation,Simon J. Smith
Men in Black,Action Barry Sonnenfeld
Men in Black 3,ActionBarry Sonnenfeld
Men in Black II,Action Barry Sonnenfeld
Mercury Rising,Action,Harold Becker
Midnight Special,AdventureJeff Nichols
Mighty Morphin Power Rangers: The Movie,Action,Bryan Spicer
Mike and Dave Need Wedding Dates,Comedy Jake Szymanski
Minecraft: The Story of Mojang,Documentary,Paul Owens
Minions,FamilyPierre Coffin
Miracle at St. Anna,ThrillerSpike Lee
Miracle on 34th Street,Fantasy,,Les Mayfield
Misconduct,Drama,,Shintaro Shimosawa
Mission: Impossible – Ghost Protocol,Action  Adventure,Brad Bird
Mission: Impossible,Adventure,Brian De Palma
Mission: Impossible II,Adventure,John Woo
Mission: Impossible – Rogue Nation,ActionChristopher McQuarrie
Moana,Adventure,Ron Clements / Don Hall / John Musker / Chris Williams
Mojave,Thriller,William Monahan
Money Monster,Thriller,Jodie Foster
"Monsters, Inc.",Animation Lee Unkrich
Monsters University,Family,Dan Scanlon
Moonlight,Drama,,Barry Jenkins
Mortal Kombat,ActionPaul W.S. Anderson
Mortal Kombat: Annihilation,Action John R. Leonetti
Mother's Day,Comedy,Garry Marshall
Bean,Comedy,Mel Smith
Mr. Bean's Holiday,Comedy,Steve Bendelack
Mrs. Doubtfire,Comedy,Chris Columbus
Ms .45,Crime,Abel Ferrara
Mulan,AnimationBarry Cook
Mulan II,Animation,Lynne Southerland
Munich,Drama,,Steven Spielberg
My All American,Drama,,Angelo Pizzo
My Best Friend's Wedding,ComedyP.J. Hogan
My Own Private Idaho,Drama,Gus Van Sant
Narcopolis,Thriller Justin Trefgarne
"Nativity 3: Dude, Where's My Donkey?!",Comedy,Debbie Isitt
Nativity!,ComedyDebbie Isitt
Navy Seals vs. Zombies,Horror,Stanton Barrett
Need for Speed,Action,Scott Waugh
Neighbors 2: Sorority Rising,Comedy,Nicholas Stoller
Nerve,Crime  Adventure,Ariel Schulman / Henry Joost
Never Talk to Strangers,ThrillerPeter Hall
New Jack City,Thriller,Mario Van Peebles
Next,ActionLee Tamahori
Next of Kin,Adventure,John Irvin
Night at the Museum: Secret of the Tomb,AdventureShawn Levy
Nightcrawler,Crime,Dan Gilroy
No Escape,Action,John Erick Dowdle
No Good Deed,Action,Bob Rafelson
No Good Deed,Thriller,Sam Miller
No Way Out,Crime,Roger Donaldson
Northmen: A Viking Saga,Adventure,Claudio Fäh
Not Another Teen Movie,Comedy,Joel Gallen
Now You See Me,Thriller,Louis Leterrier
Now You See Me 2,ActionJon M. Chu
Nuremberg,,
Oblivion,Action,Joseph Kosinski
Oliver & Company,Animation,George Scribner
Olsenbandens aller siste kupp,Comedy,Knut Bohwim
Olsenbanden for full musikk,Comedy,Knut Bohwim
Olsenbanden gir seg aldri!,Comedy,Knut Bohwim
Olsenbanden møter Kongen og Knekten,Comedy,Knut Bohwim
Olsenbanden og Data-Harry sprenger verdensbanken,Comedy,Knut Bohwim
Olsenbanden og Dynamitt-Harry,Comedy,Knut Bohwim
Olsenbanden og Dynamitt-Harry går amok,,Knut Bohwim
Olsenbanden og Dynamitt-Harry mot nye høyder,,Knut Bohwim
Olsenbanden og Dynamitt-Harry på sporet,,
Olsenbanden,,Knut Bohwim
Olsenbandens siste bedrifter,Comedy,Knut Bohwim
Olsenbandens siste stikk,Comedy,Knut Bohwim
Olsenbanden tar gull,Comedy,Knut Bohwim
... men Olsenbanden var ikke død!,Comedy,Knut Bohwim
Olympus Has Fallen,Action,Antoine Fuqua
Once Upon a Time in America,Drama,,Sergio Leone
One Eight Seven,Drama,,Kevin Reynolds
One Hour Photo,Drama,,Mark Romanek
Open Windows,Thriller,Nacho Vigalondo
Operation Avalanche,Thriller,Matt Johnson
Operation Mekong,ActionDante Lam
Operator,Thriller,Amariah Olson
Ordinary World,ComedyLee Kirk
Oz: The Great and Powerful,Fantasy,Sam Raimi
Pacific Rim,Action Guillermo del Toro
Pain & Gain,Thriller,Michael Bay
Pan,Family Joe Wright
Pandemic,ActionJohn Suits
Papillon,Crime,Franklin J. Schaffner
Paradise Alley,ActionSylvester Stallone
Paranoia,Drama,,Robert Luketic
Paranormal Activity: The Ghost Dimension,Horror,Gregory Plotkin
Parkland,History  Mystery,Peter Landesman
Passenger 57,ActionKevin Hooks
Patriot Games,Drama,,Phillip Noyce
Paul Blart: Mall Cop 2,FamilyAndy Fickman
Pawn Sacrifice,Drama,Edward Zwick
Pearl Harbor,History Michael Bay
Penguins of Madagascar,FamilyEric Darnell
Perfect Sense,Drama, David Mackenzie
Persecuted,ActionDaniel Lusko
Peter Pan,Animation,Wilfred Jackson
Phase 7,Thriller Nicolás Goldbart
Physical Evidence,Crime,Michael Crichton
Pinchcliffe Grand Prix,AnimationIvo Caprino
Pirates,Adventure,Roman Polanski
Pirates of Silicon Valley,Drama,Martyn Burke
Pirates of the Caribbean: On Stranger Tides,AdventureRob Marshall
Pixels,ActionChris Columbus
Pocahontas,Adventure,Eric Goldberg
Pocahontas II: Journey to a New World,AdventureBradley Raymond
Point Break,Action,Kathryn Bigelow
Police Academy,Comedy,Hugh Wilson
Police Academy 2: Their First Assignment,Action,Jerry Paris
Police Academy 3: Back in Training,Action,Jerry Paris
Police Academy 4: Citizens on Patrol,Action,Jim Drake
Police Academy 5: Assignment Miami Beach,Action,Alan Myerson
Police Academy 6: City Under Siege,Comedy,Peter Bonerz
Police Academy: Mission to Moscow,Action,Alan Metter
Pompeii,Action,Paul W.S. Anderson
Predestination,Sci-Fi,Peter Spierig
President's Day,Horror,Chris LaMartina
Presto,Animation,Doug Sweetland
Pretty Woman,Romance,Garry Marshall
Pride and Prejudice and Zombies,Romance,Burr Steers
Prince of Persia: The Sands of Time,Adventure Mike Newell
Puss in Boots,Animation,Chris Miller
Quarantine,HorrorJohn Erick Dowdle
Quiz Show,History,Robert Redford
R.L. Stine's Monsterville: The Cabinet of Souls,Family,Peter DeLuise
Racing Extinction,AdventureLouie Psihoyos
Rambo,Action,Sylvester Stallone
Rango,Animation Gore Verbinski
Rasmus på loffen,Family,Olle Hellbom
Ratatouille,AnimationBrad Bird
Ratchet & Clank,Action Jericca Cleland / Kevin Munroe
Reasonable Doubt,Crime,Peter Howitt
RED,ActionRobert Schwentke
RED 2,Action,Dean Parisot
Red Planet,ThrillerAntony Hoffman
Red Riding Hood,Thriller,Catherine Hardwicke
Red Rock West,Crime,John Dahl
Reflections,Thriller,Bryan Goeres
Replicant,Action Ringo Lam
Resident Evil: Retribution,Action,Paul W.S. Anderson
Revenge,Drama,Tony Scott
Ride Along,Action,Tim Story
Ride Along 2,Action,Tim Story
Riot,Action,John Lyde
Rise of the Guardians,Animation,Peter Ramsey
Rise of the Planet of the Apes,ThrillerRupert Wyatt
Risen,Action Kevin Reynolds
Rising Sun,Action,Philip Kaufman
Rivers 9,Action,Chris W. Freeman / Justin Jones
Rob the Mob,,
Robin Hood,Animation,Wolfgang Reitherman
Robin Hood,Action,Ridley Scott
Robin Williams: Live on Broadway,Comedy,Marty Callner
Robin Williams: Weapons of Self Destruction,Comedy,Marty Callner
RoboCop,Action  Sci-Fi,Paul Verhoeven
RoboCop 2,Action Irvin Kershner
RoboCop 3,Action Fred Dekker
RoboCop,Sci-Fi,José Padilha
Robot Overlords,AdventureJon Wright
Rocky,Drama,,John G. Avildsen
Rocky Balboa,Drama,,Sylvester Stallone
Rocky II,Drama,,Sylvester Stallone
Rocky III,Drama,,Sylvester Stallone
Rocky IV,Drama,,Sylvester Stallone
Rocky V,Drama,,John G. Avildsen
Rollercoaster,Action,James Goldstone
Rumor Has It...,Comedy,Rob Reiner
Rupture,Thriller Steven Shainberg
Rush,Crime,Lili Fini Zanuck
Russell Peters: Outsourced,Comedy,Alan C. Blomquist
RZ-9,Action Iain Carson
Sabotage,ActionDavid Ayer
Safe House,ActionDaniel Espinosa
Salt,ActionPhillip Noyce
Samurai Cop,Action,Amir Shervan
Saturday Night Fever,Drama,John Badham
Saving Private Ryan,Drama, Steven Spielberg
Scent of a Woman,Drama,,Martin Brest
Major Saab,ForeignTinnu Anand
Scott Pilgrim vs. the World,ComedyEdgar Wright
Scrat: Spaced Out,Sci-Fi,Galen T. Chu / Mike Thurmeier
Se7en,Crime,David Fincher
Seal Team Eight: Behind Enemy Lines,ActionRoel Reiné
Season of the Witch,AdventureDominic Sena
Second In Command,ActionSimon Fellows
Secret in Their Eyes,CrimeBilly Ray
Self less,Mystery  Sci-Fi,Tarsem Singh
Septembers of Shiraz,Drama,,Wayne Blair
Serpico,CrimeSidney Lumet
Seventh Son,Adventure,Sergey Bodrov
Sex Tape,,
Sherlock Holmes: A Game of Shadows,AdventureGuy Ritchie
Shipwrecked,FamilyNils Gaup
Shooter,ActionAntoine Fuqua
Shortcut to Happiness,Fantasy,Alec Baldwin
Showdown in Little Tokyo,Action,Mark L. Lester
Shutter Island,Drama,  Mystery,Martin Scorsese
Sicario,ThrillerDenis Villeneuve
Silent Trigger,Drama,,Russell Mulcahy
Silk,Action,Cirio H. Santiago
Siren Song,Horror,Benedict Mart
Skiptrace,Action,Renny Harlin
Sleeping Beauty,Fantasy,Clyde Geronimi
Sleeping Beauty,Fantasy,Casper Van Dien
Sleeping with Other People,Comedy,Leslye Headland
Sleepy Hollow,Drama,Mystery,Tim Burton
Sliver,Drama,,Phillip Noyce
Small Soldiers,Comedy,Joe Dante
Smallpox,,
Snake Eyes,CrimeBrian De Palma
Sniper: Special Ops,ActionFred Olen Ray
Snitch,Thriller,Ric Roman Waugh
Snow White and the Huntsman,AdventureRupert Sanders
Snow White and the Seven Dwarfs,Fantasy,,David Hand
Snowden,Drama,  Biography,Oliver Stone
Society,Drama,,Brian Yuzna
Song of the South,AnimationWilfred Jackson
Sons,,Erik Richter Strand
Space Jam,AnimationJoe Pytka
Space Pirate Captain Harlock,AnimationShinji Aramaki
Sparks,Action,Christopher Folino
Spectral,Thriller Nic Mathieu
Spectre,ActionSam Mendes
Speed 2: Cruise Control,ActionJan de Bont
Spider-Man,Fantasy,,Sam Raimi
Spider-Man 2,Action Sam Raimi
Spider-Man 3,Fantasy,Sam Raimi
Split Second,Action,Ian Sharp
Spotlight,Drama,  History,Tom McCarthy
Spy,Crime,Paul Feig
Stand by Me,Crime,Rob Reiner
Star Wars: Episode I - The Phantom Menace,AdventureGeorge Lucas
Star Wars: Episode II - Attack of the Clones,AdventureGeorge Lucas
Star Wars: Episode III - Revenge of the Sith,Sci-FiGeorge Lucas
Star Wars,AdventureGeorge Lucas
Star Wars: Episode V - The Empire Strikes Back,AdventureIrvin Kershner
Star Wars: Episode VI - Return of the Jedi,AdventureRichard Marquand
Star Wars: The Force Awakens,Action,J.J. Abrams
9/11 State of Emergency,Documentary,Neil Rawles
Stay Alive,Horror,William Brent Bell
Stiletto,Action,Nick Vallelonga
Still of the Night,Thriller,Robert Benton
Stolen,Action,Simon West
Stonehenge Apocalypse,Action Paul Ziller
Storks,AnimationNicholas Stoller / Doug Sweetland
Straight Outta Compton,Drama,F. Gary Gray
Street Smart,Thriller,Jerry Schatzberg
Striking Distance,Crime,Rowdy Herrington
Submerged,Action,Anthony Hickox
Submerged,Thriller,Steven C. Miller
Suicide Squad,Action David Ayer
Sully,Drama,Clint Eastwood
Summer Lovers,Drama,Randal Kleiser
Sunshine,Sci-Fi,Danny Boyle
Superman,Fantasy,Richard Donner
Superman/Batman: Apocalypse,AnimationLauren Montgomery
Superman II,Action,Richard Lester
Superman III,Comedy,Richard Lester
Supervolcano,Action,Tony Mitchell
Surviving Christmas,ComedyMike Mitchell
Survivor,Crime  Action,James McTeigue
Swerve,Crime,Craig Lahiff
Take a Hard Ride,ActionAntonio Margheriti
Taken 3,Crime,Olivier Megaton
Tangled,Animation,Byron Howard
Tarzan,AnimationKevin Lima
Taxi Driver,Crime,Martin Scorsese
Ted,ComedySeth MacFarlane
Ted 2,Comedy,Seth MacFarlane
Teenage Mutant Ninja Turtles,Sci-FiSteve Barron
Teenage Mutant Ninja Turtles,Sci-Fi Jonathan Liebesman
Teenage Mutant Ninja Turtles II: The Secret of the Ooze,Sci-FiMichael Pressman
Teenage Mutant Ninja Turtles III,Action,Stuart Gillard
Tekken: Blood Vengeance,Action,Youichi Mouri
Tekken: Kazuya's Revenge,Action,Wych Kaosayananda
Tell,Drama,,J.M.R. Luna
Tequila Sunrise,Action Robert Towne
The Terminator,Action  Sci-Fi,James Cameron
Terminator Genisys,Sci-Fi  Adventure,Alan Taylor
The 5th Wave,Adventure J Blakeson
The 6th Day,Sci-Fi,Roger Spottiswoode
The 33,History,Patricia Riggen
The Abyss,Adventure  Sci-Fi,James Cameron
The Accountant,Crime  Drama,,Gavin O'Connor
The Addams Family,Comedy,Barry Sonnenfeld
The Amazing Spider-Man,Action Marc Webb
The Amazing Spider-Man 2,Action Marc Webb
The American President,ComedyRob Reiner
The Andromeda Strain,Drama,Robert Wise
The Andromeda Strain (Mini-Series,Sci-Fi,Mikael Salomon
The Aristocats,AnimationWolfgang Reitherman
The Art of the Steal,Comedy,Jonathan Sobol
The Assassin,Drama,,Hou Hsiao-hsien
The Avengers,Sci-FiJoss Whedon
The Bag Man,Crime,David Grovic
The Beat That My Heart Skipped,Drama,,Jacques Audiard
The BFG,AdventureSteven Spielberg
The Big Brawl,Action,Robert Clouse
The Black Stallion,Adventure,Carroll Ballard
The Bodyguard,Thriller Mick Jackson
The Book of Life,Romance Jorge R. Gutierrez
The Boss,Comedy,Ben Falcone
The Boxtrolls,Fantasy,Anthony Stacchi
The Boy,Horror,William Brent Bell
The Boys from Brazil,Drama,  Sci-Fi,Franklin J. Schaffner
The Break-Up,Comedy,Peyton Reed
The Brides of Dracula,Horror,Terence Fisher
The Bridge on the River Kwai,Drama, David Lean
The Call,Thriller,Brad Anderson
The Callback Queen,Romance,Graham Cantwell
The Cannonball Run,Comedy,Hal Needham
The Choice,Drama,Ross Katz
The Cloth,Fantasy,,Justin Price
The Condemned 2,Action,Roel Reiné
The Core,Action  AdventureJon Amiel
The Corruptor,Action,James Foley
The Crying Game,Romance,Neil Jordan
The Cure,ThrillerDavid Gould
The Da Vinci Code,ThrillerRon Howard
The Dark Half,Mystery,George A. Romero
The Dark Knight,Drama,,Christopher Nolan
The Dark Knight Rises,Action,Christopher Nolan
The Day After,Sci-Fi,Nicholas Meyer
The Departed,Drama,,Martin Scorsese
The Devil's Rejects,Drama,,Rob Zombie
The Drop,Drama,,Michaël R. Roskam
The East,Drama,,Zal Batmanglij
The Edge of Seventeen,Comedy,Kelly Fremon Craig
The Equalizer,Thriller,Antoine Fuqua
The Escapist,Action,Rupert Wyatt
The Evil of Frankenstein,HorrorFreddie Francis
The Exorcism of Emily Rose,Crime,Scott Derrickson
The Expendables 2,ActionSimon West
The Expendables 3,ActionPatrick Hughes
The Factory,Crime  Mystery,Morgan O'Neill
We Are The Nobles,Comedy,Gary Alazraki
The Family Stone,ComedyThomas Bezucha
The Fast and the Furious: Tokyo Drift,Action,Justin Lin
The Fifth Element,AdventureSci-Fi,Luc Besson
The Fifth Estate,Drama,,Bill Condon
The Fly,HorrorDavid Cronenberg
The Fox and the Hound,Adventure,Richard Rich
The Fox and the Hound 2,Adventure,Jim Kammerud
The Frozen Ground,Thriller,Scott Walker
The Gambler,Thriller,Rupert Wyatt
The Getaway,RomanceSam Peckinpah
The Girl With A Dragon Tattoo (2011),,
The Girl with All the Gifts,Drama,,Colm McCarthy
The Glass Shield,Drama,,Charles Burnett
The Good Dinosaur,Fantasy,Peter Sohn
The Good Shepherd,Drama,  History,Robert De Niro
The Great Gatsby,Drama,Baz Luhrmann
The Great Mouse Detective,Family,John Musker
The Green Mile,Fantasy,,Frank Darabont
The Gunman,Action,Pierre Morel
The Hangover,Comedy,Todd Phillips
The Hangover Part II,Comedy,Todd Phillips
The Hangover Part III,Comedy,Todd Phillips
The Hateful Eight,Drama,Western,Quentin Tarantino
The Heat,Action,Paul Feig
The Hit,Drama,,Stephen Frears
The Hobbit: An Unexpected Journey,AdventurePeter Jackson
The Hobbit: The Battle of the Five Armies,AdventurePeter Jackson
The Hobbit: The Desolation of Smaug,AdventurePeter Jackson
The Holiday,ComedyNancy Meyers
The Hunchback of Notre Dame,FamilyKirk Wise
The Hunchback of Notre Dame II,AdventureBradley Raymond
The Hunger Games,Sci-Fi Gary Ross
The Hunger Games: Catching Fire,Sci-Fi  ActionFrancis Lawrence
The Iceman,Thriller,Ariel Vromen
The Illusionist,Fantasy,  Romance,Neil Burger
The Imitation Game,History  War,Morten Tyldum
The Impossible,Drama,,Juan Antonio Bayona
The Inbetweeners 2,Comedy,Iain Morris
The Inbetweeners Movie,Comedy,Ben Palmer
The Incredibles,AnimationBrad Bird
The Infiltrator,Crime,Brad Furman
The Intern,Comedy,Nancy Meyers
The International,AdventureTom Tykwer
The Internship,Comedy,Shawn Levy
The Interview,Action,Seth Rogen
The Judge,Drama,,David Dobkin
The Jungle Book,AdventureJon Favreau
The Karate Kid,ActionJohn G. Avildsen
"The Karate Kid, Part II",AdventureJohn G. Avildsen
"The Karate Kid, Part III",Adventure,John G. Avildsen
The Keeper,ActionKeoni Waxman
The King's Choice,War,Erik Poppe
The King's Speech,Drama,Tom Hooper
The Lake House,Romance Alejandro Agresti
The Last Dragon,ActionMichael Schultz
The Last Stand,Action,Kim Jee-woon
The Last Witch Hunter,Fantasy,Breck Eisner
The Legend Is Born: Ip Man,Drama,Herman Yau
The Legend of Barney Thomson,Thriller,Robert Carlyle
The Legend of Hercules,ActionRenny Harlin
The Lego Movie,AdventureChris Miller
The Letter Writer,Family,Christian Vuissa
The Light Between Oceans,Drama,Derek Cianfrance
The Lion King,Animation,Rob Minkoff
The Lion King 1½,Animation,Bradley Raymond
The Lion King 2: Simba's Pride,Animation,Darrell Rooney
The Little Mermaid,Animation,John Musker
The Little Mermaid II: Return to the Sea,Animation,Jim Kammerud
The Little Mermaid: Ariel's Beginning,Animation,Peggy Holmes
The Little Prince,AdventureMark Osborne
The Longest Ride,Drama,George Tillman / Jr.
The Longest Yard,Comedy,Peter Segal
The Lord of the Rings: The Fellowship of the Ring,AdventurePeter Jackson
The Lord of the Rings: The Return of the King,AdventurePeter Jackson
The Lord of the Rings: The Two Towers,AdventurePeter Jackson
The Lost World: Jurassic Park,AdventureSteven Spielberg
The Machine,Sci-Fi,Caradog W. James
The Magnificent Seven,Action Antoine Fuqua
The Man from U.N.C.L.E.,ComedyGuy Ritchie
The Martian,Drama,,Ridley Scott
The Mask,RomanceChuck Russell
The Matrix,Adventure  Sci-Fi,Lana Wachowski
The Matrix Reloaded,Adventure  Sci-Fi,Lana Wachowski
The Matrix Revolutions,Adventure  Sci-Fi,Lana Wachowski
The Maze Runner,Action Wes Ball
The Mighty Ducks,Comedy,Stephen Herek
The Name of the Rose,Drama,  Mystery,Jean-Jacques Annaud
The Nice Guys,Action,Shane Black
The Nightmare Before Christmas,Fantasy,,Henry Selick
The Ninja Immovable Heart,Action,John Balazs
The Ninth Gate,Horror,Roman Polanski
The Notebook,Romance,Nick Cassavetes
The November Man,Crime,Roger Donaldson
The Nut Job,AnimationPeter Lepeniotis
The Order,Adventure,Sheldon Lettich
The Oxford Murders,Crime,Álex de la Iglesia
The Package,ActionAndrew Davis
The Patriot,Action,Dean Semler
The Perfect Match,ComedyBille Woodruff
The Perfect Weapon,Sci-Fi,Titus Paar
The Philadelphia Experiment,Adventure,Stewart Raffill
TPB AFK: The Pirate Bay Away from Keyboard,,
The Pirate Fairy,AnimationPeggy Holmes
The Polar Express,Animation Robert Zemeckis
The Postman Always Rings Twice,Romance,Bob Rafelson
The Presidio,ActionPeter Hyams
The Prince,Thriller,Brian A. Miller
The Princess and the Frog,FamilyJohn Musker
The Purge,Sci-Fi,James DeMonaco
The Recruit,Action,Roger Donaldson
The Remains of the Day,Drama,James Ivory
The Rescuers,Fantasy,Art Stevens
The Rescuers Down Under,AdventureMike Gabriel
The Return of Jafar,Romance Tad Stones
The Revenant,WesternAlejandro González Iñárritu
The Riot Club,Drama,,Lone Scherfig
The Samaritan,Thriller,David Weaver
The Satan Bug,Sci-Fi,John Sturges
The Score,Action,Frank Oz
The Scorpion King 4: Quest for Power,Action Mike Elliott
The Secret Life of Pets,Adventure,Chris Renaud
The Secret of NIMH,Fantasy,,Don Bluth
The Shawshank Redemption,Drama,,Frank Darabont
The Silence of the Lambs,Crime,Jonathan Demme
The Smoke,Thriller,Ben Pickering
The Smurfs,Animation Raja Gosnell
The Smurfs 2,Fantasy,,Raja Gosnell
The Social Network,Drama,David Fincher
The Sorcerer's Apprentice,Fantasy,Jon Turteltaub
The Specialist,Action,Luis Llosa
The Starving Games,Comedy,Aaron Seltzer
The Stepfather,Horror  Mystery,Nelson McCormick
The Swimmer,Drama,,Sydney Pollack
The Sword in the Stone,Animation,Wolfgang Reitherman
The Terminal,Comedy,Steven Spielberg
The Thirteenth Floor,Thriller Josef Rusnak
The Three Musketeers,Adventure  Comedy,Paul W.S. Anderson
The Town,Crime,Ben Affleck
The Traffickers,Drama,,HongSeon Kim
The Transformers: The Movie,Animation Nelson Shin
The Trust,Thriller,Alex Brewer / Benjamin Brewer
The Twilight Saga: Breaking Dawn - Part 1,Adventure Bill Condon
The Twilight Saga: Breaking Dawn - Part 2,Adventure Bill Condon
The United States of Leland,Crime,Matthew Ryan Hoge
The Untouchables,Crime,Brian De Palma
The Visit,Horror,M. Night Shyamalan
The Wacky World of Mother Goose,,
The Watch,Comedy,Akiva Schaffer
The Whole Truth,Drama,,Courtney Hunt
The Wild Life,FamilyVincent Kesteloot / Ben Stassen
The Witches,AdventureNicolas Roeg
The Wizard of Oz,AdventureKing Vidor
The Wolf of Wall Street,Crime,Martin Scorsese
The Zero Theorem,Drama, Terry Gilliam
Then She Found Me,ComedyHelen Hunt
These Final Hours,Drama,,Zak Hilditch
Thief,Action,Michael Mann
Thor,AdventureKenneth Branagh
Thor: The Dark World,Action Alan Taylor
Three Kings,ActionDavid O. Russell
Thunder and the House of Magic,Family Jeremy Degruson
Thursday,Drama,,Skip Woods
Timecop,ThrillerPeter Hyams
Tinker Bell and the Lost Treasure,Animation Klay Hall
Titanic,ActionJames Cameron
Titus,Drama,,Julie Taymor
To Live and Die in L.A.,Action  Drama,,William Friedkin
Rage,Action,Paco Cabezas
Tombstone,Action,George P. Cosmatos
Tomorrowland,Fantasy,,Brad Bird
Top Gun,Action Tony Scott
Toy Story,Animation,John Lasseter
Toy Story 2,Animation,John Lasseter
Toy Story 3,Animation,Lee Unkrich
Trainwreck,Romance,Judd Apatow
Traitor,Drama,,Jeffrey Nachmanoff
Trapped in Paradise,ActionGeorge Gallo
Triple 9,Thriller,John Hillcoat
Trolls,Adventure  al,Walt Dohrn / Mike Mitchell
TRON,Sci-FiSteven Lisberger
True Lies,Action,James Cameron
True Story,CrimeRupert Goold
Turbo & Tacho,,
Turbo Kid,Comedy Yoann-Karl Whissell
Turks & Caicos,ThrillerDavid Hare
Twelve Monkeys,Sci-Fi  Mystery,Terry Gilliam
Twilight,,
The Twilight Saga: Eclipse,,
The Twilight Saga: New Moon,,
U Turn,Thriller,Oliver Stone
U.S. Marshals,Thriller,Stuart Baird
Undercover Blues,Comedy,Herbert Ross
Unfinished Business,Comedy,Ken Scott
Universal Soldier: Day of Reckoning,ThrillerJohn Hyams
Unthinkable,ActionGregor Jordan
Untraceable,Drama,,Gregory Hoblit
Up,AnimationBob Peterson
Up in the Air,Drama,Jason Reitman
Upperdog,Comedy,Sara Johnsen
Upside Down,Romance Juan Diego Solanas
Urge,Thriller,Aaron Kaufman
USS Indianapolis: Men of Courage,ActionMario Van Peebles
V for Vendetta,Action  Fantasy,,James McTeigue
Varg Veum - Buried Dogs,Thriller,Alexander Eik
Varg Veum - Bitter Flowers,Action,Ulrik Imtiaz Rolfsen
Varg Veum - Yours 'till Death,Drama,,Erik Richter Strand
Varg Veum - The Consorts of Death,Crime,Stephan Apelgren
Varg Veum - Fallen Angels,Crime,Morten Tyldum
Varg Veum - At Night All Wolves Are Grey,Action  Mystery,Alexander Eik
Varg Veum - Cold Hearts,Crime  Drama,,Trond Espen Seim
Varg Veum - Woman in the Fridge,Crime,Alexander Eik
Varg Veum - The Writing on the Wall,Crime,Stefan Faldbakken
Varg Veum - Black Sheep,Action,Stephan Apelgren
Varg Veum - Sleeping Beauty,Crime,Erik Richter Strand
Varg Veum - The Dead Have it Easy,Crime,Erik Richter Strand
Vice,Thriller Brian A Miller
WALL·E,Animation,Andrew Stanton
Wall Street,Crime,Oliver Stone
Wall Street: Money Never Sleeps,Drama,,Oliver Stone
Wallace & Gromit's Cracking Contraptions,Animation,Christopher Sadler
A Grand Day Out,AdventureNick Park
A Close Shave,,
A Matter of Loaf and Death,,
The Curse of the Were-Rabbit,,
The Wrong Trousers,,
War Dogs,Comedy,Todd Phillips
War of the Worlds: Goliath,Sci-FiJoe Pearson
War Story,Drama,,Mark Jackson
Warcraft,Action Duncan Jones
Warning Sign,Drama,Hal Barwood
The Waterboy,Comedy,Frank Coraci
Way of the Dragon,Action,Bruce Lee
We're the Millers,Comedy,Rawson Marshall Thurber
Weaponized,Thriller Timothy Woodward Jr.
Welcome to New York,Drama,,Abel Ferrara
Welcome to the Punch,ActionEran Creevy
What's the Worst That Could Happen?,Action,Sam Weisman
White House Down,Action,Roland Emmerich
Whiteout,Action,Dominic Sena
Wild Card,Thriller,Simon West
Wild Things,Thriller John McNaughton
Willy Wonka & the Chocolate Factory,Fantasy,,Mel Stuart
World War Z,Action,Marc Forster
Wrath of the Titans,Adventure,Jonathan Liebesman
Wreck-It Ralph,FamilyRich Moore
Year of the Dragon,Action,Michael Cimino
Z for Zachariah,ThrillerCraig Zobel
Zero Dark Thirty,ThrillerKathryn Bigelow
Zipper,Thriller,Mora Stephens
Zombie Massacre 2: Reich of the Dead,War,Marco Ristori
Zootopia,AnimationByron Howard / Rich Moore / Jared Bush
Bridget Jones's Diary,ComedySharon Maguire
Justice League: Doom,Action  Fantasy,Lauren Montgomery
Kamilla and the Thief,Family,Grete Salomonsen
Kamilla and the Thief 2,Drama,,
The Karate Kid,ActionHarald Zwart
Keanu,Action,Peter Atencio
Kill Bill: Vol. 1,Action,Quentin Tarantino
Kill Bill: Vol. 2,Action,Quentin Tarantino
Kill Me Again,Drama,,John Dahl
Kill the Messenger,ThrillerMichael Cuesta
Ozzy,Animation,Alberto Rodríguez
X-Men: Apocalypse,Action,Bryan Singer
Hard Luck,Crime,Mario Van Peebles
Lady Bloodfight,Thriller,Chris Nahon
Last Knights,ActionKazuaki Kiriya
Lazer Team,ActionMatt Hullum
A Darker Fifty Shades: The Fetish Set,Thriller,Shane Wheeler
The Hot Spot,Drama,Dennis Hopper
Cell,HorrorTod Williams
The Duel,Western,Kieran Darcy-Smith
The Huntsman: Winter's War,ActionCedric Nicolas-Troyan
WarGames: The Dead Code,Sci-Fi,Stuart Gillard
WarGames,ThrillerJohn Badham
Bunch of Five,Crime,Erik Poppe
Snowpiercer,ActionBong Joon-ho
Everest,ThrillerBaltasar Kormákur
Mission: Impossible III,Adventure,J.J. Abrams
The Big Short,Comedy,Adam McKay
The Finest Hours,Action,Craig Gillespie
The First Great Train Robbery,ThrillerMichael Crichton
Kung Fu Panda 2,Animation,Jennifer Yuh
Life on the Line,Action,David Hackl
Prisoners,Drama,,Denis Villeneuve
The Seven Five,Documentary,Tiller Russell
The Runner,Drama,,Austin Stark
The Sea of Trees,Drama,,Gus Van Sant
Tinker Bell and the Legend of the NeverBeast,Adventure,Steve Loter
2 Fast 2 Furious,Action,John Singleton
Beauty and the Beast,Romance Kirk Wise
Justice League Dark,ActionSci-Fi,Jay Oliva
AntiTrust,Action,Peter Howitt
Doom,ActionHorrorAndrzej Bartkowiak
Fast & Furious 6,Action,Justin Lin
Live Free or Die Hard,Action,Len Wiseman
Meet the Fockers,ComedyJay Roach
Meet the Parents,ComedyJay Roach
Outbreak,ActionWolfgang Petersen
Speed,ActionJan de Bont
The Godfather,Drama,,Francis Ford Coppola
The Godfather: Part II,Drama,,Francis Ford Coppola
The Godfather: Part III,Drama,,Francis Ford Coppola
The Number 23,ThrillerJoel Schumacher
Mobsters,Drama,,Michael Karbelnikoff
Scarface,ActionBrian De Palma
Volcano,Sci-Fi,Mick Jackson
10.5,ActionJohn Lafia
Assassin's Creed,Action,Justin Kurzel
Rambo: First Blood Part II,Action,George P. Cosmatos
Rambo III,Action,Peter MacDonald
John Wick,Action,Chad Stahelski / David Leitch
Pinocchio,Animation,Ben Sharpsteen
Finding Nemo,Family,Lee Unkrich
Pirates of the Caribbean: At World's End,AdventureGore Verbinski
Pirates of the Caribbean: Dead Man's Chest,AdventureGore Verbinski
Pirates of the Caribbean: The Curse of the Black Pearl,AdventureGore Verbinski
Street Fighter,,
Terminator 2: Judgment Day,Action  Sci-Fi,James Cameron
Terminator 3: Rise of the Machines,Action  Sci-Fi,Jonathan Mostow
Bridget Jones's Baby,Comedy,Sharon Maguire
San Andreas,Action,Brad Peyton
Startup.com,Documentary,Chris Hegedus / Jehane Noujaim
The Boy in the Striped Pyjamas,War,Mark Herman
The Gift,ThrillerJoel Edgerton
Home,Fantasy,Tim Johnson
Being Charlie,Drama,Rob Reiner
The Blues Brothers,Music,John Landis
Cloud Atlas,Drama,Lilly Wachowski / Lana Wachowski / Tom Tykwer
Rogue One: A Star Wars Story,Drama, Gareth Edwards
The Peacemaker,Action,Mimi Leder
Fantastic Beasts and Where to Find Them,Action David Yates
Batman: Mask of the Phantasm,ActionBruce Timm / Eric Radomski
Batman vs. Robin,ActionJay Oliva
Batman: Year One,Action Sam Liu / Lauren Montgomery
Masterminds,Comedy,Jared Hess
Passengers,Adventure Morten Tyldum
Resident Evil: The Final Chapter,Action,Paul W.S. Anderson
Reservoir Dogs,Crime,Quentin Tarantino
Out of Sight,Romance,Steven Soderbergh
Setup,Action,Mike Gunther
Miss Sloane,Drama,,John Madden
Patriots Day,Drama,,Peter Berg
The Asian Connection,Action,Daniel Zirilli
Takedown,Action,Joe Chappelle
Ant-Man,Sci-FiPeyton Reed
After the Sunset,Action,Brett Ratner
From Russia With Love,Action  Adventure,Terence Young
The Assignment,Action,Walter Hill
The Fast and the Furious,Action,Rob Cohen
Dr. No,Adventure,Terence Young
Category 7: The End of the World,Action,Dick Lowry
Deepwater Horizon,Thriller,Peter Berg
Heist,Action,David Mamet
Troll Hunter,Fantasy,,André Øvredal
The Man in the Iron Mask,ActionRandall Wallace
Superman Returns,Adventure Bryan Singer
Sweet Home Alabama,ComedyAndy Tennant
Catch Me If You Can,Drama,Steven Spielberg
The Legend of Drunken Master,Action,Liu Chia-Liang
Terminator Salvation,Drama,  Sci-Fi,McG
Harry Potter and the Deathly Hallows: Part 1,AdventureDavid Yates
Captain America: The First Avenger,Sci-FiJoe Johnston
Iron Sky,ActionTimo Vuorensola
Iron Man 3,Action Shane Black
Chaos,Drama,Tony Giglio
Out of Sight,Romance,Steven Soderbergh
The Devil's Advocate,Drama, Taylor Hackford
First Blood,Action,Ted Kotcheff
"Angus, Thongs and Perfect Snogging",ComedyGurinder Chadha
Iron Man,Action Jon Favreau
Genius,HistoryMichael Grandage
Cast Away,Adventure,Robert Zemeckis
Logan,ActionJames Mangold
Power Rangers,Action Dean Israelite
Chronicle,Sci-Fi,Josh Trank
Cliffhanger,ActionRenny Harlin
Fifty Shades Darker,Drama,James Foley