"MovieName","Genre"
"3 Days to Kill","Action"
"6 Ways to Die","Thriller"
"8 Women","Comedy"
"10 Cloverfield Lane","Horror"
"10.5: Apocalypse","Adventure"
"13 Hours: The Secret Soldiers of Benghazi","Action"
"15 Minutes","Action"
"21 Grams","Drama"
"21 Jump Street","Action"
"22 Jump Street","Crime"
"28 Days Later...","Horror"
"28 Weeks Later","Horror"
"47 Ronin","Action"
"101 Dalmatians","Animation"
"101 Dalmatians II: Patch's London","Adventure"
"400 Days","Mystery"
"1408","Horror"
"1969","Drama"
"2010","Thriller"
"A Brilliant Young Mind","Drama"
"A Bug's Life","Family"
"A Christmas Carol","Animation"
"A Common Man","Action"
"A Good Day to Die Hard","Action"
"A Time to Kill","Thriller"
"Abandoned","Drama"
"About a Boy","Drama"
"About Time","Comedy"
"Absolon","Action"
"Absolutely Fabulous: The Movie","Comedy"
"Absolution","Thriller"
"Ace Ventura: Pet Detective","Comedy"
"Ace Ventura: When Nature Calls","Comedy"
"Addams Family Values","Comedy"
"Against the Sun","War"
"Air","Thriller"
"Airplane vs Volcano","Action"
"Aladdin","Animation"
"Aladdin and the King of Thieves","Animation"
"Algorithm","Thriller"
"Alice in Wonderland","Music"
"Alice Through the Looking Glass","Adventure"
"Alien Nation","Crime"
"Allied","Action"
"Alpha and Omega","Family"
"Ambushed","Action"
"American Beach House","Comedy"
"American Heist","Action"
"American Honey","Comedy"
"American Pie","Comedy"
"American Pie 2","Comedy"
"American Pie Presents: Band Camp","Comedy"
"American Pie Presents: Beta House","Comedy"
"American Pie Presents: The Book of Love","Comedy"
"American Pie Presents: The Naked Mile","Comedy"
"American Psycho","Drama"
"American Sniper","War"
"American Wedding","Comedy"
"Cupid's Balls","Comedy"
"An American Crime","Crime"
"An American Tail","Drama"
"Andron","Action"
"Angels & Demons","Thriller"
"The Angry Birds Movie","Action"
"Angry Video Game Nerd: The Movie","Science Fiction"
"Annie","Comedy"
"Another Stakeout","Action"
"Anthropoid","History"
"Apocalypse Pompeii","Adventure"
"Apollo 13","Drama"
"Apt Pupil","Drama"
"Arena","Action"
"Argo","Drama"
"Armageddon","Action"
"Arn: The Knight Templar","Action"
"Arrival","Drama"
"Arthur Christmas","Drama"
"A.I. Artificial Intelligence","Drama"
"As Good as It Gets","Comedy"
"Assassination Games","Action"
"Assassins Run","Action"
"Assault on Precinct 13","Action"
"Assault on Wall Street","Drama"
"Atlas Shrugged Part III: Who is John Galt?","Drama"
"Austin Powers: International Man of Mystery","Science Fiction"
"Austin Powers: The Spy Who Shagged Me","Crime"
"Authors Anonymous","Comedy"
"Avatar","Action"
"Avengers: Age of Ultron","Action"
"Babe","Fantasy"
"Bachelor Night","Comedy"
"Back to the Future","Adventure"
"Back to the Future Part II","Adventure"
"Back to the Future Part III","Adventure"
"Backtrack","Horror"
"Bad Influence","Crime"
"Bad Moms","Comedy"
"Bad Santa","Drama"
"Badge of Honor","Thriller"
"Bambi","Animation"
"Bambi II","Animation"
"Bandits","Action"
"Barbershop: The Next Cut","Comedy"
"Bastille Day","Action"
"Batman & Robin","Fantasy"
"Batman","Fantasy"
"Batman: Assault on Arkham","Thriller"
"Batman: Bad Blood","Animation"
"Batman Begins","Action"
"Batman Forever","Fantasy"
"Batman: Mystery of the Batwoman","Adventure"
"Batman Returns","Fantasy"
"Batman: The Dark Knight Returns  Part 1","Action"
"Batman: The Dark Knight Returns Part 2","Animation"
"Batman: The Killing Joke","Action"
"Batman: Under the Red Hood","Adventure"
"Batman v Superman: Dawn of Justice","Action"
"Battle of the Year","Music"
"Beetlejuice","Fantasy"
"Before the Fall","Drama"
"Before We Go","Drama"
"Belly of the Beast","Action"
"Best of the Best 4: Without Warning","Action"
"Beyond the Mask","Drama"
"Big Hero 6","Adventure"
"Billy Lynn's Long Halftime Walk","Drama"
"Black Death","Drama"
"Black Moon Rising","Science Fiction"
"Blackhat","Mystery"
"Blank Check","Comedy"
"Blast","Action"
"Blindness","Drama"
"Bloodsport","Action"
"Blown Away","Action"
"Boiler Room","Crime"
"Bolt","Animation"
"Bound","Thriller"
"Brave","Animation"
"Braveheart","Action"
"Brewster's Millions","Comedy"
"Brick Mansions","Action"
"Bridge of Spies","Thriller"
"Bridget Jones: The Edge of Reason","Comedy"
"Brothers of War","War"
"Bruce Almighty","Fantasy"
"Bullet to the Head","Action"
"Burlesque","Drama"
"Burning Bodhi","Drama"
"Call of Heroes","Action"
"Camp X-Ray","Drama"
"Campus Code","Action"
"Captain America: Civil War","Action"
"Captain Corelli's Mandolin","Drama"
"Captain Fantastic","Adventure"
"Captain Phillips","Action"
"Captive","Thriller"
"Capture the Flag","Comedy"
"Careful What You Wish For","Thriller"
"Carlito's Way","Drama"
"Carrie","Drama"
"Cars","Animation"
"Cars 2","Animation"
"Casino","Drama"
"Catfish","Documentary"
"Cellular","Action"
"Chain of Command","Thriller"
"Chicken Run","Animation"
"Christmas with the Kranks","Comedy"
"Cinderella","Fantasy"
"Cinderella","Romance"
"Cinderella II: Dreams Come True","Animation"
"Citizenfour","Documentary"
"City Heat","Action"
"Clear and Present Danger","Action"
"Closed Circuit","Mystery"
"Cloudy with a Chance of Meatballs","Animation"
"Cloudy with a Chance of Meatballs 2","Animation"
"Cobra","Action"
"Cocaine Cowboys","Action"
"Cocktail","Drama"
"Colditz","Drama"
"Colonia","Drama"
"Come and Find Me","Drama"
"Commando","Action"
"Con Air","Action"
"Conspiracy Theory","Action"
"Constantine","Drama"
"Contagion","Drama"
"Convict","Action"
"Cop Car","Thriller"
"Courage Under Fire","Drama"
"Cracks","Drama"
"Crazy Six","Action"
"Creative Control","Drama"
"Criminal","Action"
"Criminal Activities","Thriller"
"Crimson Peak","Drama"
"Cross Wars","Action"
"Crouching Tiger  Hidden Dragon","Adventure"
"Cube²: Hypercube","Thriller"
"Dante's Peak","Action"
"Dark Angel","Action"
"Dawn of the Planet of the Apes","Science Fiction"
"Daylight","Action"
"Deadpool","Action"
"Death Becomes Her","Fantasy"
"Death In Love","Drama"
"Death Sentence","Action"
"Deep Impact","Action"
"Defending Our Kids: The Julie Posey Story","Drama"
"Delivery Man","Comedy"
"Demolition Man","Action"
"Denial","Drama"
"Dennis the Menace","Family"
"Downfall","Drama"
"Despicable Me","Animation"
"Despicable Me 2","Animation"
"Die Hard: With a Vengeance","Action"
"Die Hard","Action"
"Die Hard 2","Action"
"Dinner for Schmucks","Comedy"
"Dirty Dancing","Drama"
"Dirty Grandpa","Adventure"
"Dirty Harry","Action"
"The Dead Pool","Action"
"Magnum Force","Action"
"Sudden Impact","Action"
"The Enforcer","Action"
"Dirty Pretty Things","Crime"
"District 13: Ultimatum","Action"
"Divergent","Science Fiction"
"Dog Eat Dog","Drama"
"Don Jon","Comedy"
"Donnie Brasco","Crime"
"Don't Say a Word","Thriller"
"Doomsday","Action"
"Dope","Drama"
"Double Identity","Crime"
"Dracula Untold","Horror"
"Dragnet","Action"
"Dragon: The Bruce Lee Story","Drama"
"DragonHeart","Action"
"Dragonheart 3: The Sorcerer's Curse","Fantasy"
"Dredd","Action"
"Dumb and Dumber","Comedy"
"Dumb and Dumber To","Comedy"
"Dumb and Dumberer: When Harry Met Lloyd","Comedy"
"Dumbo","Animation"
"Dune","Action"
"Dying of the Light","Thriller"
"Eagle Eye","Mystery"
"Eddie Murphy: Raw","Comedy"
"Edge of Tomorrow","Action"
"Edward Scissorhands","Fantasy"
"Elf","Romance"
"Emperor","Drama"
"Empire State","Action"
"End Game","Action"
"Ender's Game","Science Fiction"
"Endgame","Drama"
"Enter the Dragon","Action"
"Entrapment","Thriller"
"Epic","Animation"
"Equals","Drama"
"Equilibrium","Drama"
"Equity","Drama"
"Escape Plan","Action"
"Evan Almighty","Fantasy"
"Exam","Thriller"
"Executive Decision","Action"
"Exit Wounds","Action"
"Exodus: Gods and Kings","Adventure"
"Experimenter","History"
"Extraction","Action"
"Eye in the Sky","Drama"
"Face/Off","Action"
"Fahrenheit 451","Science Fiction"
"Fail Safe","Drama"
"Fallen","Thriller"
"Falling Down","Crime"
"Fantastic Four","Action"
"Fast & Furious","Action"
"Fast Five","Action"
"Felony","Mystery"
"Fences","Drama"
"Fifty Shades of Grey","Romance"
"Fighting","Adventure"
"Find Me Guilty","Drama"
"Finding Dory","Animation"
"Fist of Fury","Drama"
"Five Corners","Drama"
"Five Thirteen","Drama"
"Flashbacks of a Fool","Drama"
"Flight","Drama"
"Flubber","Comedy"
"Focus","Romance"
"Forest Warrior","Action"
"Forgetting Sarah Marshall","Comedy"
"Forrest Gump","Comedy"
"Four Assassins","Thriller"
"Four Christmases","Comedy"
"Free to Play","Documentary"
"Free Willy","Family"
"Freelancers","Mystery"
"From Hell","Horror"
"Frozen","Animation"
"Fugitive at 17","TV Movie"
"Fun with Dick and Jane","Action"
"Furious 7","Action"
"Fury","War"
"Gallowwalkers","Action"
"George Carlin: Life Is Worth Losing","Comedy"
"Get Carter","Action"
"Getaway","Action"
"Ghostbusters","Fantasy"
"Ghostbusters","Action"
"Ghostbusters II","Fantasy"
"Glengarry Glen Ross","Crime"
"Gnomeo & Juliet","Animation"
"Gods of Egypt","Action"
"Godzilla","Thriller"
"Going the Distance","Comedy"
"Gone Girl","Mystery"
"Gone In Sixty Seconds","Action"
"Good Luck Charlie It's Christmas!","Comedy"
"Good Morning Vietnam","Comedy"
"Good People","Thriller"
"Goodbye to All That","Comedy"
"Goodfellas","Drama"
"Gravity","Science Fiction"
"Grease","Music"
"Green Street Hooligans","Drama"
"Grown Ups 2","Comedy"
"Grudge Match","Comedy"
"Grumpy Cat's Worst Christmas Ever","Comedy"
"Guardians of the Galaxy","Science Fiction"
"Gutshot Straight","Thriller"
"Hackers","Action"
"Hacksaw Ridge","Drama"
"Hall Pass","Comedy"
"Hansel & Gretel: Witch Hunters","Fantasy"
"Happy Gilmore","Comedy"
"Hard Target","Action"
"Hard Target 2","Action"
"Harry Potter and the Chamber of Secrets","Adventure"
"Harry Potter and the Deathly Hallows: Part 2","Adventure"
"Harry Potter and the Goblet of Fire","Adventure"
"Harry Potter and the Half-Blood Prince","Adventure"
"Harry Potter and the Order of the Phoenix","Adventure"
"Harry Potter and the Philosopher's Stone","Adventure"
"Hart's War","Drama"
"He Got Game","Drama"
"He Never Died","Thriller"
"Heat","Action"
"Heist","Action"
"Henry's Crime","Action"
"Here Comes the Boom","Action"
"Hero and the Terror","Drama"
"Hickey & Boggs","Crime"
"Hitler: The Rise of Evil","Drama"
"Hitman","Action"
"Hitman: Agent 47","Action"
"Hocus Pocus","Comedy"
"Hollow Man","Action"
"Hollow Man II","Horror"
"Home Alone","Comedy"
"Home Alone 2: Lost In New York","Comedy"
"Home Alone 3","Comedy"
"Home Alone 4","Crime"
"Home Alone: The Holiday Heist","Comedy"
"Hoodlum","Crime"
"Hook","Adventure"
"Hop","Animation"
"Horrible Bosses 2","Comedy"
"Hot Pursuit","Action"
"Hotel Transylvania","Animation"
"Hotel Transylvania 2","Comedy"
"House of 1 000 Dolls","Crime"
"House of Sand and Fog","Drama"
"How the Grinch Stole Christmas","Family"
"How to Be Single","Comedy"
"How to Train Your Dragon 2","Fantasy"
"I Am Soldier","Action"
"I Am Wrath","Action"
"I Don't Know How She Does It","Comedy"
"I.T.","Crime"
"Ice Age","Animation"
"Ice Age: Collision Course","Adventure"
"Ice Age: Continental Drift","Animation"
"Ice Age: Dawn of the Dinosaurs","Animation"
"Ice Age: The Meltdown","Animation"
"In a Valley of Violence","Thriller"
"In the Blood","Action"
"In the Heart of the Sea","Action"
"In the Line of Fire","Action"
"In Time","Action"
"Independence Day","Action"
"Independence Day: Resurgence","Action"
"Indiana Jones and the Kingdom of the Crystal Skull","Adventure"
"Indiana Jones and the Last Crusade","Adventure"
"Raiders of the Lost Ark","Adventure"
"Indiana Jones and the Temple of Doom","Adventure"
"Inferno","Action"
"Inside Man","Crime"
"Inside Out","Comedy"
"Insurgent","Adventure"
"Interstellar","Drama"
"Into the Grizzly Maze","Thriller"
"Into the Storm","Action"
"Ip Man 2","Action"
"Iron Man 2","Adventure"
"Ironheart","Crime"
"Jack Frost","Comedy"
"Jack Reacher: Never Go Back","Action"
"Jack Ryan: Shadow Recruit","Action"
"Jack the Giant Slayer","Fantasy"
"James and the Giant Peach","Adventure"
"Goldfinger","Adventure"
"Thunderball","Adventure"
"You Only Live Twice","Action"
"A View to a Kill","Adventure"
"Casino Royale","Adventure"
"Diamonds Are Forever","Adventure"
"Die Another Day","Adventure"
"For Your Eyes Only","Adventure"
"GoldenEye","Adventure"
"Licence to Kill","Adventure"
"Live and Let Die","Adventure"
"Moonraker","Action"
"Never Say Never Again","Adventure"
"Octopussy","Adventure"
"On Her Majesty's Secret Service","Adventure"
"Quantum of Solace","Adventure"
"The Living Daylights","Action"
"The Man with the Golden Gun","Adventure"
"The Spy Who Loved Me","Adventure"
"The World Is Not Enough","Adventure"
"Tomorrow Never Dies","Adventure"
"Jason Bourne","Action"
"Jeff Dunham: Jeff Dunham's Very Special Christmas Special","Comedy"
"Jeff Dunham: Arguing with Myself","Comedy"
"Jeff Dunham: Minding the Monsters","Comedy"
"Jeff Dunham: Spark of Insanity","Comedy"
"Jobs","Drama"
"John Doe: Vigilante","Thriller"
"Johnny Mnemonic","Action"
"Judge Dredd","Science Fiction"
"Judgment at Nuremberg","Drama"
"Junior","Comedy"
"Jurassic Park","Adventure"
"Jurassic Park III","Adventure"
"Jurassic World","Action"
"Just Cause","Action"
"Just Friends","Comedy"
"Killshot","Crime"
"Kindergarten Cop","Action"
"Kingsman: The Secret Service","Crime"
"Krampus","Horror"
"Kubo and the Two Strings","Adventure"
"Kung Fu Panda","Animation"
"Kung Fu Panda 3","Action"
"Labyrinth","Family"
"Lady and the Tramp","Family"
"Lady and the Tramp II: Scamp's Adventure","Animation"
"Lakeview Terrace","Drama"
"Lap Dance","Drama"
"Lara Croft: Tomb Raider","Adventure"
"Lara Croft Tomb Raider: The Cradle of Life","Action"
"Larry Gaye: Renegade Male Flight Attendant","Comedy"
"Last Cab to Darwin","Drama"
"The Last Kung Fu Monk","Action"
"Last Passenger","Action"
"Lazer Team","Action"
"Left Behind","Thriller"
"Legend","Adventure"
"Legend","Crime"
"LEGO DC Comics Super Heroes: Justice League vs. Bizarro League","Animation"
"LEGO Super Heroes: Justice League - Attack of the Legion of Doom!","Animation"
"Leon: The Professional","Thriller"
"Lethal Weapon","Adventure"
"Lethal Weapon 2","Action"
"Lethal Weapon 3","Adventure"
"Lethal Weapon 4","Action"
"Letters to Juliet","Comedy"
"Liar Liar","Comedy"
"Lilo & Stitch","Family"
"Lilo & Stitch 2: Stitch has a Glitch","Animation"
"Little Fockers","Comedy"
"Live by Night","Crime"
"LOL","Drama"
"London Has Fallen","Action"
"Looper","Action"
"Lord of Illusions","Mystery"
"Lucy","Action"
"MacGyver: Lost Treasure of Atlantis","Action"
"Maggie's Plan","Comedy"
"Magic Mike XXL","Comedy"
"Maigret Sets A Trap","Drama"
"Maleficent","Fantasy"
"Malone","Action"
"Man of Steel","Action"
"Man Up","Romance"
"Marauders","Action"
"Margin Call","Thriller"
"Mars Attacks!","Action"
"Matilda","Comedy"
"Max Payne","Action"
"Maze Runner: The Scorch Trials","Thriller"
"Me Before You","Drama"
"Mean Guns","Action"
"Mechanic: Resurrection","Action"
"Meet the Robinsons","Animation"
"Megamind","Animation"
"Megamind: The Button Of Doom","Animation"
"Men in Black","Action"
"Men in Black 3","Action"
"Men in Black II","Action"
"Mercury Rising","Action"
"Midnight Special","Adventure"
"Mighty Morphin Power Rangers: The Movie","Action"
"Mike and Dave Need Wedding Dates","Comedy"
"Minecraft: The Story of Mojang","Documentary"
"Minions","Family"
"Miracle at St. Anna","Thriller"
"Miracle on 34th Street","Fantasy"
"Misconduct","Drama"
"Mission: Impossible – Ghost Protocol","Action"
"Mission: Impossible","Adventure"
"Mission: Impossible II","Adventure"
"Mission: Impossible – Rogue Nation","Action"
"Moana","Adventure"
"Mojave","Thriller"
"Money Monster","Thriller"
"Monsters Inc.","Animation"
"Monsters University","Family"
"Moonlight","Drama"
"Mortal Kombat","Action"
"Mortal Kombat: Annihilation","Action"
"Mother's Day","Comedy"
"Bean","Comedy"
"Mr. Bean's Holiday","Comedy"
"Mrs. Doubtfire","Comedy"
"Ms .45","Crime"
"Mulan","Animation"
"Mulan II","Animation"
"Munich","Drama"
"My All American","Drama"
"My Best Friend's Wedding","Comedy"
"My Own Private Idaho","Drama"
"Narcopolis","Thriller"
"Nativity 3: Dude Where's My Donkey?!","Comedy"
"Nativity!","Comedy"
"Navy Seals vs. Zombies","Horror"
"Need for Speed","Action"
"Neighbors 2: Sorority Rising","Comedy"
"Nerve","Crime"
"Never Talk to Strangers","Thriller"
"New Jack City","Thriller"
"Next","Action"
"Next of Kin","Adventure"
"Night at the Museum: Secret of the Tomb","Adventure"
"Nightcrawler","Crime"
"No Escape","Action"
"No Good Deed","Action"
"No Good Deed","Thriller"
"No Way Out","Crime"
"Northmen: A Viking Saga","Adventure"
"Not Another Teen Movie","Comedy"
"Now You See Me","Thriller"
"Now You See Me 2","Action"
"Oblivion","Action"
"Oliver & Company","Animation"
"Olsenbandens aller siste kupp","Comedy"
"Olsenbanden for full musikk","Comedy"
"Olsenbanden gir seg aldri!","Comedy"
"Olsenbanden møter Kongen og Knekten","Comedy"
"Olsenbanden og Data-Harry sprenger verdensbanken","Comedy"
"Olsenbanden og Dynamitt-Harry","Comedy"
"Olsenbanden og Dynamitt-Harry går amok","Comedy"
"Olsenbanden og Dynamitt-Harry mot nye høyder","Comedy"
"Olsenbanden og Dynamitt-Harry på sporet","Comedy"
"Olsenbanden","Comedy"
"Olsenbandens siste bedrifter","Comedy"
"Olsenbandens siste stikk","Comedy"
"Olsenbanden tar gull","Comedy"
"... men Olsenbanden var ikke død!","Comedy"
"Olympus Has Fallen","Action"
"Once Upon a Time in America","Drama"
"One Eight Seven","Drama"
"One Hour Photo","Drama"
"Open Windows","Thriller"
"Operation Avalanche","Thriller"
"Operation Mekong","Action"
"Operator","Thriller"
"Ordinary World","Comedy"
"Oz: The Great and Powerful","Fantasy"
"Pacific Rim","Action"
"Pain & Gain","Thriller"
"Pan","Family"
"Pandemic","Action"
"Papillon","Crime"
"Paradise Alley","Action"
"Paranoia","Drama"
"Paranormal Activity: The Ghost Dimension","Horror"
"Parkland","History"
"Passenger 57","Action"
"Patriot Games","Drama"
"Paul Blart: Mall Cop 2","Family"
"Pawn Sacrifice","Drama"
"Pearl Harbor","History"
"Penguins of Madagascar","Family"
"Perfect Sense","Drama"
"Persecuted","Action"
"Peter Pan","Animation"
"Phase 7","Thriller"
"Physical Evidence","Crime"
"Pinchcliffe Grand Prix","Animation"
"Pirates","Adventure"
"Pirates of Silicon Valley","Drama"
"Pirates of the Caribbean: On Stranger Tides","Adventure"
"Pixels","Action"
"Pocahontas","Adventure"
"Pocahontas II: Journey to a New World","Adventure"
"Point Break","Action"
"Police Academy","Comedy"
"Police Academy 2: Their First Assignment","Action"
"Police Academy 3: Back in Training","Action"
"Police Academy 4: Citizens on Patrol","Action"
"Police Academy 5: Assignment Miami Beach","Action"
"Police Academy 6: City Under Siege","Comedy"
"Police Academy: Mission to Moscow","Action"
"Pompeii","Action"
"Predestination","Science Fiction"
"President's Day","Horror"
"Presto","Animation"
"Pretty Woman","Romance"
"Pride and Prejudice and Zombies","Romance"
"Prince of Persia: The Sands of Time","Adventure"
"Puss in Boots","Animation"
"Quarantine","Horror"
"Quiz Show","History"
"R.L. Stine's Monsterville: The Cabinet of Souls","Family"
"Racing Extinction","Adventure"
"Rambo","Action"
"Rango","Animation"
"Rasmus på loffen","Family"
"Ratatouille","Animation"
"Ratchet & Clank","Action"
"Reasonable Doubt","Crime"
"RED","Action"
"RED 2","Action"
"Red Planet","Thriller"
"Red Riding Hood","Thriller"
"Red Rock West","Crime"
"Reflections","Thriller"
"Replicant","Action"
"Resident Evil: Retribution","Action"
"Revenge","Drama"
"Ride Along","Action"
"Ride Along 2","Action"
"Riot","Action"
"Rise of the Guardians","Animation"
"Rise of the Planet of the Apes","Thriller"
"Risen","Action"
"Rising Sun","Action"
"Rivers 9","Action"
"Robin Hood","Animation"
"Robin Hood","Action"
"Robin Williams: Live on Broadway","Comedy"
"Robin Williams: Weapons of Self Destruction","Comedy"
"RoboCop","Action"
"RoboCop 2","Action"
"RoboCop 3","Action"
"RoboCop","Science Fiction"
"Robot Overlords","Adventure"
"Rocky","Drama"
"Rocky Balboa","Drama"
"Rocky II","Drama"
"Rocky III","Drama"
"Rocky IV","Drama"
"Rocky V","Drama"
"Rollercoaster","Action"
"Rumor Has It...","Comedy"
"Rupture","Thriller"
"Rush","Crime"
"Russell Peters: Outsourced","Comedy"
"RZ-9","Action"
"Sabotage","Action"
"Safe House","Action"
"Salt","Action"
"Samurai Cop","Action"
"Saturday Night Fever","Drama"
"Saving Private Ryan","Drama"
"Scent of a Woman","Drama"
"Major Saab","Foreign"
"Scott Pilgrim vs. the World","Comedy"
"Scrat: Spaced Out","Science Fiction"
"Se7en","Crime"
"Seal Team Eight: Behind Enemy Lines","Action"
"Season of the Witch","Adventure"
"Second In Command","Action"
"Secret in Their Eyes","Crime"
"Self/less","Mystery"
"Septembers of Shiraz","Drama"
"Serpico","Crime"
"Seventh Son","Adventure"
"Sherlock Holmes: A Game of Shadows","Adventure"
"Shipwrecked","Family"
"Shooter","Action"
"Shortcut to Happiness","Fantasy"
"Showdown in Little Tokyo","Action"
"Shutter Island","Drama"
"Sicario","Thriller"
"Silent Trigger","Drama"
"Silk","Action"
"Siren Song","Horror"
"Skiptrace","Action"
"Sleeping Beauty","Fantasy"
"Sleeping Beauty","Fantasy"
"Sleeping with Other People","Comedy"
"Sleepy Hollow","Drama"
"Sliver","Drama"
"Small Soldiers","Comedy"
"Snake Eyes","Crime"
"Sniper: Special Ops","Action"
"Snitch","Thriller"
"Snow White and the Huntsman","Adventure"
"Snow White and the Seven Dwarfs","Fantasy"
"Snowden","Drama"
"Society","Drama"
"Song of the South","Animation"
"Space Jam","Animation"
"Space Pirate Captain Harlock","Animation"
"Sparks","Action"
"Spectral","Thriller"
"Spectre","Action"
"Speed 2: Cruise Control","Action"
"Spider-Man","Fantasy"
"Spider-Man 2","Action"
"Spider-Man 3","Fantasy"
"Split Second","Action"
"Spotlight","Drama"
"Spy","Crime"
"Stand by Me","Crime"
"Star Wars: Episode I - The Phantom Menace","Adventure"
"Star Wars: Episode II - Attack of the Clones","Adventure"
"Star Wars: Episode III - Revenge of the Sith","Science Fiction"
"Star Wars","Adventure"
"Star Wars: Episode V - The Empire Strikes Back","Adventure"
"Star Wars: Episode VI - Return of the Jedi","Adventure"
"Star Wars: The Force Awakens","Action"
"9/11 State of Emergency","Documentary"
"Stay Alive","Horror"
"Stiletto","Action"
"Still of the Night","Thriller"
"Stolen","Action"
"Stonehenge Apocalypse","Action"
"Storks","Animation"
"Straight Outta Compton","Drama"
"Street Smart","Thriller"
"Striking Distance","Crime"
"Submerged","Action"
"Submerged","Thriller"
"Suicide Squad","Action"
"Sully","Drama"
"Summer Lovers","Drama"
"Sunshine","Science Fiction"
"Superman","Fantasy"
"Superman/Batman: Apocalypse","Animation"
"Superman II","Action"
"Superman III","Comedy"
"Supervolcano","Action"
"Surviving Christmas","Comedy"
"Survivor","Crime"
"Swerve","Crime"
"Take a Hard Ride","Action"
"Taken 3","Crime"
"Tangled","Animation"
"Tarzan","Animation"
"Taxi Driver","Crime"
"Ted","Comedy"
"Ted 2","Comedy"
"Teenage Mutant Ninja Turtles","Science Fiction"
"Teenage Mutant Ninja Turtles","Science Fiction"
"Teenage Mutant Ninja Turtles II: The Secret of the Ooze","Science Fiction"
"Teenage Mutant Ninja Turtles III","Action"
"Tekken: Blood Vengeance","Action"
"Tekken: Kazuya's Revenge","Action"
"Tell","Drama"
"Tequila Sunrise","Action"
"The Terminator","Action"
"Terminator Genisys","Science Fiction"
"The 5th Wave","Adventure"
"The 6th Day","Science Fiction"
"The 33","History"
"The Abyss","Adventure"
"The Accountant","Crime"
"The Addams Family","Comedy"
"The Amazing Spider-Man","Action"
"The Amazing Spider-Man 2","Action"
"The American President","Comedy"
"The Andromeda Strain","Drama"
"The Andromeda Strain (Mini-Series","Sci-Fi"
"The Aristocats","Animation"
"The Art of the Steal","Comedy"
"The Assassin","Drama"
"The Avengers","Science Fiction"
"The Bag Man","Crime"
"The Beat That My Heart Skipped","Drama"
"The BFG","Adventure"
"The Big Brawl","Action"
"The Black Stallion","Adventure"
"The Bodyguard","Thriller"
"The Book of Life","Romance"
"The Boss","Comedy"
"The Boxtrolls","Fantasy"
"The Boy","Horror"
"The Boys from Brazil","Drama"
"The Break-Up","Comedy"
"The Brides of Dracula","Horror"
"The Bridge on the River Kwai","Drama"
"The Call","Thriller"
"The Callback Queen","Romance"
"The Cannonball Run","Comedy"
"The Choice","Drama"
"The Cloth","Fantasy"
"The Condemned 2","Action"
"The Core","Action"
"The Corruptor","Action"
"The Crying Game","Romance"
"The Cure","Thriller"
"The Da Vinci Code","Thriller"
"The Dark Half","Mystery"
"The Dark Knight","Drama"
"The Dark Knight Rises","Action"
"The Day After","Science Fiction"
"The Departed","Drama"
"The Devil's Rejects","Drama"
"The Drop","Drama"
"The East","Drama"
"The Edge of Seventeen","Comedy"
"The Equalizer","Thriller"
"The Escapist","Action"
"The Evil of Frankenstein","Horror"
"The Exorcism of Emily Rose","Crime"
"The Expendables 2","Action"
"The Expendables 3","Action"
"The Factory","Crime"
"We Are The Nobles","Comedy"
"The Family Stone","Comedy"
"The Fast and the Furious: Tokyo Drift","Action"
"The Fifth Element","Adventure"
"The Fifth Estate","Drama"
"The Fly","Horror"
"The Fox and the Hound","Adventure"
"The Fox and the Hound 2","Adventure"
"The Frozen Ground","Thriller"
"The Gambler","Thriller"
"The Getaway","Romance"
"The Girl with All the Gifts","Drama"
"The Glass Shield","Drama"
"The Good Dinosaur","Fantasy"
"The Good Shepherd","Drama"
"The Great Gatsby","Drama"
"The Great Mouse Detective","Family"
"The Green Mile","Fantasy"
"The Gunman","Action"
"The Hangover","Comedy"
"The Hangover Part II","Comedy"
"The Hangover Part III","Comedy"
"The Hateful Eight","Drama"
"The Heat","Action"
"The Hit","Drama"
"The Hobbit: An Unexpected Journey","Adventure"
"The Hobbit: The Battle of the Five Armies","Adventure"
"The Hobbit: The Desolation of Smaug","Adventure"
"The Holiday","Comedy"
"The Hunchback of Notre Dame","Family"
"The Hunchback of Notre Dame II","Adventure"
"The Hunger Games","Science Fiction"
"The Hunger Games: Catching Fire","Science Fiction"
"The Iceman","Thriller"
"The Illusionist","Fantasy"
"The Imitation Game","History"
"The Impossible","Drama"
"The Inbetweeners 2","Comedy"
"The Inbetweeners Movie","Comedy"
"The Incredibles","Animation"
"The Infiltrator","Crime"
"The Intern","Comedy"
"The International","Adventure"
"The Internship","Comedy"
"The Interview","Action"
"The Judge","Drama"
"The Jungle Book","Adventure"
"The Karate Kid","Action"
"The Karate Kid Part II","Adventure"
"The Karate Kid  Part III","Adventure"
"The Keeper","Action"
"The King's Choice","War"
"The King's Speech","Drama"
"The Lake House","Romance"
"The Last Dragon","Action"
"The Last Stand","Action"
"The Last Witch Hunter","Fantasy"
"The Legend Is Born: Ip Man","Drama"
"The Legend of Barney Thomson","Thriller"
"The Legend of Hercules","Action"
"The Lego Movie","Adventure"
"The Letter Writer","Family"
"The Light Between Oceans","Drama"
"The Lion King","Animation"
"The Lion King 1½","Animation"
"The Lion King 2: Simba's Pride","Animation"
"The Little Mermaid","Animation"
"The Little Mermaid II: Return to the Sea","Animation"
"The Little Mermaid: Ariel's Beginning","Animation"
"The Little Prince","Adventure"
"The Longest Ride","Drama"
"The Longest Yard","Comedy"
"The Lord of the Rings: The Fellowship of the Ring","Adventure"
"The Lord of the Rings: The Return of the King","Adventure"
"The Lord of the Rings: The Two Towers","Adventure"
"The Lost World: Jurassic Park","Adventure"
"The Machine","Science Fiction"
"The Magnificent Seven","Action"
"The Man from U.N.C.L.E.","Comedy"
"The Martian","Drama"
"The Mask","Romance"
"The Matrix","Adventure"
"The Matrix Reloaded","Adventure"
"The Matrix Revolutions","Adventure"
"The Maze Runner","Action"
"The Mighty Ducks","Comedy"
"The Name of the Rose","Drama"
"The Nice Guys","Action"
"The Nightmare Before Christmas","Fantasy"
"The Ninja Immovable Heart","Action"
"The Ninth Gate","Horror"
"The Notebook","Romance"
"The November Man","Crime"
"The Nut Job","Animation"
"The Order","Adventure"
"The Oxford Murders","Crime"
"The Package","Action"
"The Patriot","Action"
"The Perfect Match","Comedy"
"The Perfect Weapon","Science Fiction"
"The Philadelphia Experiment","Adventure"
"The Pirate Fairy","Animation"
"The Polar Express","Animation"
"The Postman Always Rings Twice","Romance"
"The Presidio","Action"
"The Prince","Thriller"
"The Princess and the Frog","Family"
"The Purge","Science Fiction"
"The Recruit","Action"
"The Remains of the Day","Drama"
"The Rescuers","Fantasy"
"The Rescuers Down Under","Adventure"
"The Return of Jafar","Romance"
"The Revenant","Western"
"The Riot Club","Drama"
"The Samaritan","Thriller"
"The Satan Bug","Science Fiction"
"The Score","Action"
"The Scorpion King 4: Quest for Power","Action"
"The Secret Life of Pets","Adventure"
"The Secret of NIMH","Fantasy"
"The Shawshank Redemption","Drama"
"The Silence of the Lambs","Crime"
"The Smoke","Thriller"
"The Smurfs","Animation"
"The Smurfs 2","Fantasy"
"The Social Network","Drama"
"The Sorcerer's Apprentice","Fantasy"
"The Specialist","Action"
"The Starving Games","Comedy"
"The Stepfather","Horror"
"The Swimmer","Drama"
"The Sword in the Stone","Animation"
"The Terminal","Comedy"
"The Thirteenth Floor","Thriller"
"The Three Musketeers","Adventure"
"The Town","Crime"
"The Traffickers","Drama"
"The Transformers: The Movie","Animation"
"The Trust","Thriller"
"The Twilight Saga: Breaking Dawn - Part 1","Adventure"
"The Twilight Saga: Breaking Dawn - Part 2","Adventure"
"The United States of Leland","Crime"
"The Untouchables","Crime"
"The Visit","Horror"
"The Watch","Comedy"
"The Whole Truth","Drama"
"The Wild Life","Family"
"The Witches","Adventure"
"The Wizard of Oz","Adventure"
"The Wolf of Wall Street","Crime"
"The Zero Theorem","Drama"
"Then She Found Me","Comedy"
"These Final Hours","Drama"
"Thief","Action"
"Thor","Adventure"
"Thor: The Dark World","Action"
"Three Kings","Action"
"Thunder and the House of Magic","Family"
"Thursday","Drama"
"Timecop","Thriller"
"Tinker Bell and the Lost Treasure","Animation"
"Titanic","Action"
"Titus","Drama"
"To Live and Die in L.A.","Action"
"Rage","Action"
"Tombstone","Action"
"Tomorrowland","Fantasy"
"Top Gun","Action"
"Toy Story","Animation"
"Toy Story 2","Animation"
"Toy Story 3","Animation"
"Trainwreck","Romance"
"Traitor","Drama"
"Trapped in Paradise","Action"
"Triple 9","Thriller"
"Trolls","Adventure"
"TRON","Science Fiction"
"True Lies","Action"
"True Story","Crime"
"Turbo Kid","Comedy"
"Turks & Caicos","Thriller"
"Twelve Monkeys","Science Fiction"
"U Turn","Thriller"
"U.S. Marshals","Thriller"
"Undercover Blues","Comedy"
"Unfinished Business","Comedy"
"Universal Soldier: Day of Reckoning","Thriller"
"Unthinkable","Action"
"Untraceable","Drama"
"Up","Animation"
"Up in the Air","Drama"
"Upperdog","Comedy"
"Upside Down","Romance"
"Urge","Thriller"
"USS Indianapolis: Men of Courage","Action"
"V for Vendetta","Action"
"Varg Veum - Buried Dogs","Thriller"
"Varg Veum - Bitter Flowers","Action"
"Varg Veum - Yours 'till Death","Drama"
"Varg Veum - The Consorts of Death","Crime"
"Varg Veum - Fallen Angels","Crime"
"Varg Veum - At Night All Wolves Are Grey","Action"
"Varg Veum - Cold Hearts","Crime"
"Varg Veum - Woman in the Fridge","Crime"
"Varg Veum - The Writing on the Wall","Crime"
"Varg Veum - Black Sheep","Action"
"Varg Veum - Sleeping Beauty","Crime"
"Varg Veum - The Dead Have it Easy","Crime"
"Vice","Thriller"
"WALL·E","Animation"
"Wall Street","Crime"
"Wall Street: Money Never Sleeps","Drama"
"Wallace & Gromit's Cracking Contraptions","Animation"
"A Grand Day Out","Adventure"
"War Dogs","Comedy"
"War of the Worlds: Goliath","Science Fiction"
"War Story","Drama"
"Warcraft","Action"
"Warning Sign","Drama"
"The Waterboy","Comedy"
"Way of the Dragon","Action"
"We're the Millers","Comedy"
"Weaponized","Thriller"
"Welcome to New York","Drama"
"Welcome to the Punch","Action"
"What's the Worst That Could Happen?","Action"
"White House Down","Action"
"Whiteout","Action"
"Wild Card","Thriller"
"Wild Things","Thriller"
"Willy Wonka & the Chocolate Factory","Fantasy"
"World War Z","Action"
"Wrath of the Titans","Adventure"
"Wreck-It Ralph","Family"
"Year of the Dragon","Action"
"Z for Zachariah","Thriller"
"Zero Dark Thirty","Thriller"
"Zipper","Thriller"
"Zombie Massacre 2: Reich of the Dead","War"
"Zootopia","Animation"
"Bridget Jones's Diary","Comedy"
"Justice League: Doom","Action"
"Kamilla and the Thief","Family"
"Kamilla and the Thief 2","Drama"
"The Karate Kid","Action"
"Keanu","Action"
"Kill Bill: Vol. 1","Action"
"Kill Bill: Vol. 2","Action"
"Kill Me Again","Drama"
"Kill the Messenger","Thriller"
"Ozzy","Animation"
"X-Men: Apocalypse","Action"
"Hard Luck","Crime"
"Lady Bloodfight","Thriller"
"Last Knights","Action"
"Lazer Team","Action"
"A Darker Fifty Shades: The Fetish Set","Thriller"
"The Hot Spot","Drama"
"Cell","Horror"
"The Duel","Western"
"The Huntsman: Winter's War","Action"
"WarGames: The Dead Code","Science Fiction"
"WarGames","Thriller"
"Bunch of Five","Crime"
"Snowpiercer","Action"
"Everest","Thriller"
"Mission: Impossible III","Adventure"
"The Big Short","Comedy"
"The Finest Hours","Action"
"The First Great Train Robbery","Thriller"
"Kung Fu Panda 2","Animation"
"Life on the Line","Action"
"Prisoners","Drama"
"The Seven Five","Documentary"
"The Runner","Drama"
"The Sea of Trees","Drama"
"Tinker Bell and the Legend of the NeverBeast","Adventure"
"2 Fast 2 Furious","Action"
"Beauty and the Beast","Romance"
"Justice League Dark","Action"
"AntiTrust","Action"
"Doom","Action"
"Fast & Furious 6","Action"
"Live Free or Die Hard","Action"
"Meet the Fockers","Comedy"
"Meet the Parents","Comedy"
"Outbreak","Action"
"Speed","Action"
"The Godfather","Drama"
"The Godfather: Part II","Drama"
"The Godfather: Part III","Drama"
"The Number 23","Thriller"
"Mobsters","Drama"
"Scarface","Action"
"Volcano","Science Fiction"
"10.5","Action"
"Assassin's Creed","Action"
"Rambo: First Blood Part II","Action"
"Rambo III","Action"
"John Wick","Action"
"Pinocchio","Animation"
"Finding Nemo","Family"
"Pirates of the Caribbean: At World's End","Adventure"
"Pirates of the Caribbean: Dead Man's Chest","Adventure"
"Pirates of the Caribbean: The Curse of the Black Pearl","Adventure"
"Street Fighter","Action"
"Terminator 2: Judgment Day","Action"
"Terminator 3: Rise of the Machines","Action"
"Bridget Jones's Baby","Comedy"
"San Andreas","Action"
"Startup.com","Documentary"
"The Boy in the Striped Pyjamas","War"
"The Gift","Thriller"
"Home","Fantasy"
"Being Charlie","Drama"
"The Blues Brothers","Music"
"Cloud Atlas","Drama"
"Rogue One: A Star Wars Story","Drama"
"The Peacemaker","Action"
"Fantastic Beasts and Where to Find Them","Action"
"Batman: Mask of the Phantasm","Action"
"Batman vs. Robin","Action"
"Batman: Year One","Action"
"Masterminds","Comedy"
"Passengers","Adventure"
"Resident Evil: The Final Chapter","Action"
"Reservoir Dogs","Crime"
"Out of Sight","Romance"
"Setup","Action"
"Miss Sloane","Drama"
"Patriots Day","Drama"
"The Asian Connection","Action"
"Takedown","Action"
"Ant-Man","Science Fiction"
"After the Sunset","Action"
"From Russia With Love","Action"
"The Assignment","Action"
"The Fast and the Furious","Action"
"Dr. No","Adventure"
"Category 7: The End of the World","Action"
"Deepwater Horizon","Thriller"
"Heist","Action"
"Troll Hunter","Fantasy"
"The Man in the Iron Mask","Action"
"Superman Returns","Adventure"
"Sweet Home Alabama","Comedy"
"Catch Me If You Can","Drama"
"The Legend of Drunken Master","Action"
"Terminator Salvation","Drama"
"Harry Potter and the Deathly Hallows: Part 1","Adventure"
"Captain America: The First Avenger","Science Fiction"
"Iron Sky","Action"
"Iron Man 3","Action"
"Chaos","Drama"
"Out of Sight","Romance"
"The Devil's Advocate","Drama"
"First Blood","Action"
"Angus  Thongs and Perfect Snogging","Comedy"
"Iron Man","Action"
"Hercules","Animation"
"Genius","History"
"Cast Away","Adventure"
"Logan","Action"
"Power Rangers","Action"
"Chronicle","Science Fiction"
"Cliffhanger","Action"
"Fifty Shades Darker","Drama"
